"","baseMean","log2FoldChange","lfcSE","stat","pvalue","padj"
"96",3908.93352647428,3.82912187904176,0.067156737435522,57.0176876552132,0,0
"119",64696.6253138683,3.09923527739077,0.0535219188254772,57.9059074375989,0,0
"124",28469.4068614672,-2.77383831258613,0.0598763024246347,-46.3261457415062,0,0
"144",3452.73247780239,2.60886547999848,0.0665548493542762,39.1987286472742,0,0
"145",2674.95260339438,3.13971013241129,0.0729973589755395,43.0112839214274,0,0
"186",25697.669359285,-2.10613995417529,0.0501145708786742,-42.026498825545,0,0
"189",2903.84445108616,2.99424550505838,0.0722014860264775,41.4706908381407,0,0
"192",5479.0485061051,-5.40932357062206,0.0839556856723555,-64.4306996875998,0,0
"193",8883.32436147938,-6.02522482164445,0.101271568568093,-59.4957193498315,0,0
"194",8201.96486682607,-5.49509765365032,0.0713706272127589,-76.9938260072901,0,0
"269",5013.05221714426,4.66502453676374,0.0733744344149105,63.578337250062,0,0
"308",1240.33132699042,5.00683920034947,0.12006917354595,41.6996224133532,0,0
"309",938.401093492042,4.36529461129334,0.114199735357736,38.2250851774643,0,0
"310",3764.88886024121,7.36295611698215,0.135187397332267,54.4648115303625,0,0
"311",2396.0682241425,7.02799942972721,0.149627861505506,46.9698581468305,0,0
"313",3539.37350539571,6.98474908815659,0.131774104440089,53.0054756800278,0,0
"315",2641.54166936681,3.4847736376619,0.0911403736086788,38.2352353812391,0,0
"318",10353.7456168982,4.33634001701909,0.0795577784153607,54.505544314971,0,0
"319",1574.71622391589,3.58094387783123,0.0872507942610917,41.0419630922272,0,0
"324",7495.28287668484,3.17308193678157,0.0757287092561189,41.900647296787,0,0
"326",6307.4730272029,3.15130549739918,0.0702932548401591,44.8308376751793,0,0
"333",2794.3972175973,-3.02131356129303,0.0717800679682929,-42.0912608027568,0,0
"345",9500.27316408064,-4.57751802287902,0.0703794555500999,-65.0405432537127,0,0
"346",2948.49455768702,-4.94627434110158,0.0955064587660023,-51.7899459891012,0,0
"373",1894.67741958221,-3.07497734229022,0.0774319121104806,-39.7120161246027,0,0
"374",2958.05463898331,-3.19657528144113,0.070219123971419,-45.5228590254447,0,0
"383",3787.72896283233,-2.49410399735936,0.0652660879973267,-38.2143939355078,0,0
"393",11594.7235759356,5.61638499109698,0.074740914488367,75.1447186530094,0,0
"411",2338.52324455025,4.80545366032772,0.104331697441796,46.0593834678914,0,0
"428",4825.7067213011,3.06085726582547,0.0605192407264417,50.57659727856,0,0
"450",12592.9218014951,3.6687831461996,0.0645623696153547,56.8254103444039,0,0
"456",14041.9104459236,-2.09111515441849,0.0517127574709509,-40.43712338475,0,0
"487",2026.14638456035,3.51826104026531,0.0813635148167385,43.2412617398569,0,0
"495",16758.8341262862,2.86142750788619,0.0539788830400298,53.0101281600103,0,0
"500",4365.72987373166,-3.26026144831557,0.0684809815733266,-47.6082756615369,0,0
"501",6974.92538797768,-3.64526804347087,0.0742653577317862,-49.0843665849691,0,0
"514",3377.74535861915,-2.8337039356027,0.0664231485815078,-42.6613913389767,0,0
"528",14216.4371385418,7.7451163569101,0.0989616591955018,78.2638086292529,0,0
"579",32686.8352170633,5.8235377999357,0.0837103352587475,69.5677275922408,0,0
"582",7734.38142997883,8.08818314918367,0.210481256163249,38.4270946335976,0,0
"590",28319.0334535807,3.74183527214411,0.0589792368503541,63.4432636291672,0,0
"591",9686.36243704167,3.48205447614303,0.0582778347174022,59.7492081342422,0,0
"592",3106.34718432562,5.65536926964473,0.10276614802975,55.0314415599924,0,0
"656",6840.55363444309,-2.31655753891595,0.0592483579817025,-39.0991011030443,0,0
"660",1712.73984604133,5.11204640693036,0.10445562097843,48.9398881462396,0,0
"661",4257.06897851147,4.93561768413559,0.0798204633587095,61.8339893863451,0,0
"710",21253.0959975856,2.91306184872197,0.0719993710574202,40.4595457701814,0,0
"790",14168.239416322,4.30712643500585,0.070523255383263,61.0738459476737,0,0
"801",8449.53345946772,-2.35883688184207,0.0558238719891467,-42.2549851486597,0,0
"802",4438.9764465855,-3.08136205388946,0.0646705747502164,-47.6470491532031,0,0
"803",7788.60454409271,-2.49162733055731,0.0552390163703252,-45.1062943238039,0,0
"804",4434.4833886616,-2.56775289925783,0.0611817754667066,-41.9692445940071,0,0
"805",6685.05999638426,-2.40910836256408,0.0579745396184583,-41.55459238519,0,0
"808",9856.12426943231,-2.96462133321624,0.0569900878119354,-52.019946749325,0,0
"809",6687.41068887215,-3.69235238845165,0.064266010472012,-57.4542026388845,0,0
"810",14035.5300688228,-4.86505511866232,0.0740120179759292,-65.7333126661209,0,0
"811",13843.7525566398,-4.86079257814475,0.0712721754123897,-68.2004239385089,0,0
"812",27146.6572619871,-5.21022028011195,0.0616147973763633,-84.5611850070078,0,0
"813",8024.51923586338,-5.35052889640913,0.0949946483436314,-56.3245297467101,0,0
"814",10114.3167906823,-5.22694699310627,0.0888211159279504,-58.8480221003556,0,0
"815",19410.9637331533,-5.2439939658804,0.0760588890350912,-68.9464970157661,0,0
"816",17936.4508444671,-5.48882403099127,0.0691380526211383,-79.3893351475902,0,0
"817",16620.5318595408,-5.6381774817544,0.074869560013185,-75.3066731093582,0,0
"818",11777.7450185226,-5.70044755811688,0.0857502955399679,-66.4772934276352,0,0
"819",18299.8907065877,-4.4728763962007,0.0699582108064606,-63.936403527742,0,0
"820",10012.9582643632,-4.46560557568208,0.0689145814323915,-64.7991394979748,0,0
"830",22388.1072724966,4.36112942246936,0.0750453950315685,58.1132182812125,0,0
"857",11342.1889709321,-2.2576710700666,0.0543611002503757,-41.5310039654873,0,0
"876",11790.7549344978,-2.01114086345052,0.0526439882473234,-38.2026691063394,0,0
"912",945.271253153822,4.54735323969016,0.117653928613738,38.6502456251951,0,0
"948",2792.66535257607,4.59332287488219,0.0836403656417344,54.917537000702,0,0
"949",1366.82863886521,4.51876222622627,0.101472034299153,44.5320945562633,0,0
"959",3231.90829056906,5.19952890787516,0.0859357565073742,60.5048366267536,0,0
"961",1330.92469673598,5.4579820168306,0.126161931190372,43.2617190093166,0,0
"962",1809.56410073258,3.89579048104352,0.0885891500542269,43.9759324777226,0,0
"1001",49878.8867124028,-3.09060434491036,0.0496706507828542,-62.2219418549919,0,0
"1002",109012.694764816,-2.87529601553103,0.0738428362837775,-38.9380495148005,0,0
"1003",25642.0695702229,-2.54910603894278,0.0574137015422102,-44.3989147271527,0,0
"1004",30213.1141070524,-2.61926469079756,0.0561312811765901,-46.6631909319386,0,0
"1062",4766.70530173226,-2.42366864119623,0.0614427101763515,-39.445991790399,0,0
"1063",4067.20376209277,-3.48724680947194,0.070413823426189,-49.5250313047896,0,0
"1071",2521.53840699503,2.86691533223645,0.0734345365783891,39.0404224744593,0,0
"1133",21535.0000458976,-4.37927821000374,0.0623259047678176,-70.2641738827194,0,0
"1134",15994.6158775177,-4.15704018343925,0.0666923836895259,-62.3315580200519,0,0
"1137",24415.3370671461,2.4482563849008,0.0515667489683589,47.4774236088267,0,0
"1166",162847.553239363,2.00520185372234,0.0493882889530823,40.6007556898201,0,0
"1310",18478.5549576308,-3.00291618597792,0.0641010753025512,-46.8465805262148,0,0
"1311",29210.2612868178,-4.0129783848336,0.060289321327538,-66.5620095975539,0,0
"1417",34708.3311781549,-2.31002908923878,0.0517200018630317,-44.6641339139227,0,0
"1421",6276.68813634189,-2.58512998101619,0.0673996227387836,-38.3552589164365,0,0
"1426",15525.5842099211,-2.61139280485254,0.056537386671244,-46.1887780564988,0,0
"1427",15794.2780536775,-2.44599042700979,0.0614646378868741,-39.7950839881567,0,0
"1431",32059.9085743182,-2.5629264852014,0.0602509447945451,-42.5375318833745,0,0
"1432",17787.2107329456,-2.59061662475002,0.0543284305033872,-47.6843634308284,0,0
"1433",37097.398486378,-2.53632108100254,0.0629939842952964,-40.2629093773946,0,0
"1434",20711.6576434024,-2.6086574787083,0.0569261530150993,-45.8252901441692,0,0
"1435",12613.8877786286,-2.7564533380838,0.0683757805967407,-40.3132997389897,0,0
"1437",25723.944826782,-2.3339147887332,0.05226332901408,-44.6568336300283,0,0
"1438",24130.7839562337,-2.6238391119701,0.0577322487160292,-45.4484135006783,0,0
"1439",33529.5095224469,-2.48464363654812,0.0586867852177171,-42.3373614235394,0,0
"1440",7122.30388946919,-2.61831676509297,0.057486983285439,-45.5462543945347,0,0
"1441",25961.4201380741,-2.76704447439355,0.0724359318439657,-38.1998878726934,0,0
"1442",83628.8481996919,-2.72107487947332,0.0561398747900266,-48.469557327134,0,0
"1443",25920.8979408207,-2.9490961509681,0.0540317870990762,-54.5807627195533,0,0
"1446",16121.7156525792,-2.34226594624151,0.0540781363146286,-43.3126232866851,0,0
"1447",12940.4047400731,-2.54645878136628,0.0601411876760311,-42.3413450875556,0,0
"1449",56350.6167341604,-2.27597089326721,0.0576190944924111,-39.5002891544394,0,0
"1474",31928.7464940769,2.13958794325054,0.0527162482787108,40.5868781089758,0,0
"1481",2512.67159758576,5.94326694639005,0.109579730623497,54.2369187492385,0,0
"1482",4826.97216237432,5.82542465200416,0.095098694062146,61.2566209184462,0,0
"1483",3051.22155213067,5.53607255409616,0.101158820684767,54.7265430401544,0,0
"1484",9909.22521113319,5.95898754157555,0.0843176714778682,70.6730562778844,0,0
"1495",9625.66872369133,-2.27631367108696,0.0595812389220343,-38.2052087581739,0,0
"1502",15379.8607823076,5.9207487004664,0.0713321622425648,83.0025126720948,0,0
"1521",8094.6415728232,2.54262731934974,0.0574341622070875,44.2702952675084,0,0
"1577",53390.8879014828,5.0933624483834,0.0627145646387554,81.2149853502431,0,0
"1599",7001.54768604974,-2.09118420429102,0.0554824407170184,-37.6909194560647,0,0
"1600",12429.577192407,-2.26356328570069,0.060100387671852,-37.6630396805382,0,0
"1703",5140.5232664126,-4.77259402905808,0.0720114328317467,-66.2755043384451,0,0
"1704",1782.71522506576,-4.116205798007,0.0900213112878345,-45.7247927087601,0,0
"1721",1574.76949563015,-3.38116515918062,0.0834615687234372,-40.5116415962014,0,0
"1749",2742.0349333477,-2.74001076724625,0.0674652128538264,-40.6136829833013,0,0
"1760",1455.11257289517,3.52838385025674,0.0891004132687247,39.6000840042707,0,0
"1762",1029.28346388207,3.66148494856532,0.0975498475694728,37.5345019986597,0,0
"1767",3727.6544715712,3.52622763157573,0.0755352130470439,46.6832287793982,0,0
"1768",2758.82172051581,3.21232928725436,0.0751986711459411,42.7178996424028,0,0
"1803",5674.97991552555,3.17537606886392,0.0832201098850126,38.1563551556399,0,0
"1804",1979.13274003365,4.21494843445252,0.0952243415420008,44.2633508008394,0,0
"1805",1518.03113025343,4.34055989819277,0.103244794163714,42.0414407656236,0,0
"1845",1443.98356089365,4.8345556573845,0.107235779300798,45.0834198147942,0,0
"1846",1834.18972605175,4.96216527604519,0.104433759626955,47.5149539169173,0,0
"1885",8161.32726107523,-2.6135604083401,0.0616601868876543,-42.3865145446614,0,0
"1904",1843.87394255632,-4.8959886362574,0.106207101694042,-46.0985052615557,0,0
"1905",2609.50200361407,-4.16735627366932,0.0784961603091831,-53.0899378677225,0,0
"1906",3283.18453697583,-3.70890967742847,0.0729814493270259,-50.8198961740134,0,0
"1924",1468.63316572747,4.14138195397901,0.09640501165301,42.9581604002608,0,0
"1974",2585.7376521625,5.0346453298427,0.0995473465708102,50.5753845107408,0,0
"1975",912.880901753302,4.7443592538971,0.126191389879356,37.596536962093,0,0
"1991",4277.36934311445,-2.31575802207126,0.0608522172796953,-38.0554419476177,0,0
"2034",2654.89488221793,-2.94132376331841,0.0752421616182605,-39.0914309219498,0,0
"2036",37349.7190213886,-2.42867422706658,0.0595913356951398,-40.7554923670667,0,0
"2073",7912.93162289249,-2.19446992228855,0.0548596347338492,-40.0015408949585,0,0
"2081",1655.29327031732,5.48677415694518,0.130234565574848,42.1299378757619,0,0
"2096",1139.87156588919,4.31075682664182,0.104851727597511,41.1128831676414,0,0
"2229",2492.39765441868,3.46148703924644,0.0758403939694713,45.6417333570263,0,0
"2231",73538.8445725245,7.32439118306368,0.0823073997855209,88.9882465264339,0,0
"2232",3008.15166843355,6.41928767974912,0.118520296503584,54.1619272742453,0,0
"2233",6816.00657581691,6.98942395433165,0.10039250392907,69.6209744830138,0,0
"2234",5994.80289373578,6.38135058076484,0.0925637771944346,68.9400408473016,0,0
"2235",12067.5685846185,6.02727035612331,0.0721989100157504,83.4814591357188,0,0
"2236",10481.7065492446,5.88428406957857,0.0768385466005653,76.5798460526228,0,0
"2237",14590.1176655912,5.80088391998748,0.0706408527698266,82.1179769571704,0,0
"2246",9884.94311779043,5.66119619454952,0.0881966051132933,64.1883685576945,0,0
"2249",93185.2004692142,3.89345416392441,0.0660304696525395,58.9645081189374,0,0
"2293",6314.27907237679,2.48226634896827,0.0626619393131111,39.6136215408975,0,0
"2299",6869.01162227074,2.6827517302937,0.0614713391129247,43.642318013691,0,0
"2460",23587.945095283,2.4567988114952,0.059073399241612,41.5889189218115,0,0
"2513",1547.36046180156,-3.26323987555917,0.0819569899185959,-39.8164925139441,0,0
"2692",8936.66580775371,3.09028324604565,0.0605888619472328,51.0041474080994,0,0
"2706",19391.58007605,5.37459325693407,0.0674295012578067,79.7068516996011,0,0
"2707",5940.65921086603,4.49430128412344,0.0756819938640053,59.3840232618521,0,0
"2708",1640.15005926511,4.06876457447541,0.0935910965653654,43.4738423182564,0,0
"2802",4549.08724989563,-2.83723406820644,0.0628018079110124,-45.177585846361,0,0
"2803",2407.57523047664,-4.42188057468497,0.0926188634296022,-47.7427643888759,0,0
"2963",88674.4649902718,2.6955929729337,0.0625721001234594,43.0797906353645,0,0
"2964",20174.0408022258,2.72220956194511,0.0546006735597335,49.8567029391496,0,0
"3034",2908.41482449271,3.00073504101952,0.0731781958073218,41.0058625785261,0,0
"3094",2679517.96631863,2.59459436494929,0.0561896392413332,46.1756722410259,0,0
"1669",2393.01921684946,-2.69426503614739,0.0718197377269503,-37.5142700519271,5.39114513275022e-308,9.54455990366192e-307
"956",999.839736171015,4.91247266898709,0.131301622093722,37.4136479858612,2.34426194160055e-306,4.12590101721696e-305
"532",1071.44273918563,3.47449013179041,0.0929167894907951,37.3935663385638,4.97105846305131e-306,8.6978987844734e-305
"125",33647.7679258188,-2.16036088523184,0.0578737237752512,-37.3288730067113,5.58340368343199e-305,9.71252547722588e-304
"44",3322.0008919735,2.34102571853629,0.062734018787271,37.3166866046734,8.80178917436429e-305,1.52225163061838e-303
"23",4055.40727271354,3.3589879242979,0.0900485539603342,37.3019640690456,1.52508757870774e-304,2.62244944568596e-303
"713",6855.99433904556,2.39466050803621,0.0642161537348686,37.2906250025986,2.32858454158385e-304,3.98121425623936e-303
"587",3630.43527221329,9.37788972511314,0.251936975832641,37.2231574746804,2.88093277332211e-303,4.89758571464758e-302
"1380",6433.62947966536,-2.0367153062991,0.0549621838485425,-37.0566663055386,1.4025647653892e-300,2.37088914013812e-299
"1436",19572.420791241,-2.71495778246549,0.0733056543063304,-37.0361305434939,3.00306093192498e-300,5.04784174624693e-299
"384",2268.4538671337,-2.70083291899922,0.0729362628504069,-37.0300425803096,3.76313467566622e-300,6.29011114502421e-299
"140",2420.44059645092,2.58520341556284,0.0700770166300205,36.8908886234657,6.46909746049969e-298,1.07530775565639e-296
"1914",3008.47277283825,2.52927221863511,0.0686276480659338,36.8550036306813,2.43174400074337e-297,4.01976687857689e-296
"1418",34771.0883804828,-2.01471394425294,0.0547686492609757,-36.7858979806625,3.10309145941856e-296,5.10134595965952e-295
"244",6948.18017768628,2.54063371833188,0.0691249586134911,36.754216845723,9.95600953141247e-296,1.6277803561741e-294
"1425",32065.1796352372,-2.20358982953294,0.0599621650994924,-36.7496708278733,1.17678924809083e-295,1.91356164689552e-294
"1554",17298.9583131617,-1.90366494671963,0.05180814219408,-36.7445128525986,1.42257769175894e-295,2.30073105607716e-294
"1992",118520.654921999,-2.23091665839761,0.0609743061861701,-36.5878153920449,4.46854306883111e-293,7.18810799029176e-292
"1036",16008.8848590398,2.20332207730251,0.0603283910493518,36.5221422116177,4.93796313913191e-292,7.90074102261105e-291
"363",4133.74529926588,-2.34523627112972,0.0647480420726736,-36.2209604500073,2.84836069599601e-287,4.53313574596812e-286
"1539",6289.32577100772,2.20540657732845,0.0609056704493996,36.2102011365378,4.20676969599828e-287,6.65960578329463e-286
"979",2205.56951376284,-2.65766771154729,0.0736078478000425,-36.1057657706133,1.84150102734828e-285,2.89987951254004e-284
"950",863.264885994246,4.43301847562174,0.123358539510036,35.9360486369984,8.36018329443623e-283,1.30961614748446e-281
"960",2833.62870782978,2.35070211720526,0.0655697879247346,35.8503846299389,1.81384676486464e-281,2.82657787524739e-280
"2267",9783.16784551212,2.87471236157203,0.080459760892781,35.7285720175431,1.42374088853643e-279,2.20716722202124e-278
"1459",774.963030840659,4.98915625212728,0.139650842834899,35.7259301186292,1.56478659369991e-279,2.41332035481966e-278
"2550",6691.15841510992,2.71893854785536,0.0762056671176111,35.6789547378297,8.38294237950842e-279,1.28624428715329e-277
"2487",1945.5830928755,-2.67278957649638,0.0749820130375737,-35.6457431351842,2.74271268561394e-278,4.18683487518209e-277
"1720",919.943391325534,-4.19381006183136,0.118509821034106,-35.3878693363684,2.62402661642602e-274,3.9853236732724e-273
"314",9935.77278182695,7.27654235053394,0.206600399624933,35.2203691945609,9.75443185203107e-272,1.47400303541803e-270
"2899",4332.67141267508,2.61101488884453,0.0742223281376564,35.1782941112007,4.2945417980244e-271,6.45691912547186e-270
"190",769.735177066608,5.03827038907785,0.14377891101472,35.0417898808682,5.20034807183574e-269,7.77972071546626e-268
"202",2985.96845419284,-2.32552200366567,0.0667030330703097,-34.8638119830984,2.62972682181827e-266,3.91449883128371e-265
"2037",13100.3242781225,-2.15802984614871,0.0619935511638563,-34.8105537694522,1.68402586080667e-265,2.49435909679879e-264
"526",2931.96255789266,2.62648593743723,0.0754947778829667,34.7902995556706,3.40969760031506e-265,5.02552473898653e-264
"230",19757.1972672402,-1.83606939561695,0.0528249930909327,-34.7575889400752,1.06444629409044e-264,1.56118789799931e-263
"427",1654.61108348758,2.59188746503123,0.0746306248362817,34.7295426069002,2.82268985595258e-264,4.11975026780982e-263
"154",3989.68263563806,-2.16098272122988,0.0623196207357669,-34.6758002650943,1.82513527445927e-263,2.65087608795249e-262
"1059",8215.18117723223,2.37077771175558,0.0689008065817592,34.408562531737,1.87763251671505e-259,2.71394999517461e-258
"806",6667.98912192797,-2.6405331988903,0.0770577357211817,-34.266945092243,2.43947672377468e-257,3.50909344112204e-256
"2542",1580.70448396438,3.04098803485984,0.0891506221310326,34.1106765400945,5.12336940969839e-255,7.33450778651559e-254
"878",3108.26294537293,-2.10465552365375,0.0619493518719025,-33.9738102184784,5.42974589648694e-253,7.73609510585187e-252
"589",1173.55134798413,2.9942432148653,0.0881547073458308,33.9657779489742,7.13479074788196e-253,1.01172009088449e-251
"2514",7345.44390955062,-2.01596511130924,0.0594224061021808,-33.9260094558045,2.75534971612051e-252,3.88868224086442e-251
"1769",2011.53554475603,2.78386462490106,0.0825772402122335,33.7122507091081,3.82375765008951e-249,5.3712126239755e-248
"1503",29039.3651909985,-2.27180445220223,0.0674143714771285,-33.6991119612082,5.95644121937036e-249,8.32788417212902e-248
"746",1884.0133042496,3.01698457686295,0.0897555643479806,33.6133430699199,1.07090515217084e-247,1.49030149548612e-246
"1828",6080.16162464948,-2.41532490458825,0.0719877861180999,-33.5518708774538,8.45474610262678e-247,1.17113890458608e-245
"488",4077.12654157713,-2.29103411805807,0.068352016119505,-33.51816446866,2.62083037748296e-246,3.61360575549724e-245
"1976",933.757410763869,3.80941861571914,0.113705024981574,33.5026408581016,4.41124107267219e-246,6.05432719698863e-245
"807",1325.89828958096,-2.7649723474085,0.0825671132070556,-33.4875744108276,7.31010295239576e-246,9.98713608838726e-245
"1334",6628.66305326375,-1.92180314442999,0.0573983838451907,-33.4818337326934,8.86094486894173e-246,1.20508850217608e-244
"544",2940.26983868722,-2.22584084185453,0.0666140484738181,-33.413985380717,8.58896911899738e-245,1.1628142807258e-243
"1423",17924.6529809328,-2.15914101753809,0.0647521931407194,-33.3446778064466,8.70072871104312e-244,1.17263875240725e-242
"782",13464.124070636,-1.95568121176913,0.0587341523125847,-33.2971726800609,4.24252912047675e-243,5.69221844325848e-242
"2679",1444.15606202774,-2.70592103428309,0.0818129319208111,-33.074490435109,6.91710845569556e-240,9.23928058010764e-239
"877",4269.02480357145,-2.03654478474577,0.0615891503238295,-33.0666160198317,8.97682965392509e-240,1.19371885886862e-238
"1142",2919.98040398469,-2.19075030386848,0.0663484337429152,-33.0188699307828,4.35430832826237e-239,5.76464182219513e-238
"1429",21719.6658382203,-2.37572342193521,0.0720174572997526,-32.9881602462986,1.20085885608103e-238,1.58280603409447e-237
"583",23103.6809857292,8.4056122526426,0.254874029414931,32.979477241906,1.59951174920269e-238,2.0990084007081e-237
"1923",2026.73048153243,2.42107806482861,0.0736271917975948,32.8829336786914,3.85486328985083e-237,5.03657247302781e-236
"1445",10858.6646345481,-2.46479649010656,0.0750715371525225,-32.8326364904297,2.01563157759159e-236,2.62207377398002e-235
"478",2779.25091443412,2.53439026892492,0.0772749558043179,32.7970458545809,6.4877529070152e-236,8.40318471765778e-235
"1784",840.130755644396,-5.42448632177428,0.165826635529198,-32.711791471034,1.06162613778327e-234,1.36913163976187e-233
"997",1461.10129102554,-2.49562406790457,0.076452778451457,-32.6426863542852,1.01764585905495e-233,1.30677957523279e-232
"2000",1636.49891302433,2.74708990494775,0.0841597298506708,32.6413821648675,1.06194619085018e-233,1.35783889018109e-232
"426",2643.42261357863,2.36375603084625,0.0725091438074457,32.5994199727886,4.17957999396359e-233,5.32140567742088e-232
"2006",6178.98886733694,1.80636180950077,0.0558562529485499,32.3394734545591,1.95068544019487e-229,2.47307238858604e-228
"1448",43571.4040054497,-2.3520409916573,0.0729281118550515,-32.2514998925532,3.35168615281126e-228,4.2313269912284e-227
"1772",2702.15820790214,2.45263201034171,0.0761821477440809,32.1943143238866,2.11982811532901e-227,2.66492677355646e-226
"155",3890.28385719831,-2.11685064828248,0.0658688885036875,-32.1373367058407,1.32743697830634e-226,1.66179558121028e-225
"963",780.83259809882,5.74347170760755,0.178754572901206,32.1304882688615,1.6545511847453e-226,2.06267381031581e-225
"1428",47426.1314191423,-2.33149287939425,0.072755458098578,-32.0456078530253,2.5275025407187e-225,3.13787867295866e-224
"1424",9453.85619971191,-1.95621748390482,0.061045222889502,-32.0453819530771,2.54588362075752e-225,3.14763793111839e-224
"2541",3465.98197904828,-2.05001630774355,0.0640013856803361,-32.0308113012215,4.06229323398826e-225,5.00180302719872e-224
"795",10392.7122734223,-1.82694198499405,0.0571278272262116,-31.9798962029454,2.07571573921395e-224,2.54530389005251e-223
"1378",22608.6626726531,1.69813540230199,0.0532037872211722,31.917566229688,1.52353247001077e-223,1.86057516337642e-222
"489",10512.8831787886,-1.88449354458891,0.0592527602307696,-31.8043165795052,5.64197702436657e-222,6.86211189305073e-221
"2801",1566.01951702305,-2.56170467367573,0.0806409436609593,-31.76679931284,1.86141081014497e-221,2.25479398540638e-220
"1315",933.739354852417,3.50993266515245,0.11079713474694,31.6789118524509,3.03301089601216e-220,3.65918088744693e-219
"1770",1498.09583897222,2.64191339597184,0.0839398341600406,31.473893442948,1.97787735623745e-217,2.37663014050701e-216
"2134",630.636551291391,3.90523869466633,0.124403640732232,31.3916752892468,2.62845190983032e-216,3.14573124568492e-215
"151",957.242947277974,3.38242962767255,0.107780260084215,31.3826448834848,3.49076519504992e-216,4.16110337194795e-215
"638",626.627777265702,3.99930724218167,0.127506681311324,31.3654719976347,5.986161225978e-216,7.10737872544689e-215
"513",8835.36995871991,-1.82191725010291,0.0581320164157101,-31.3410296500664,1.28915930617551e-215,1.52457100556408e-214
"635",1297.37757658078,-2.6974695365799,0.0861456608105197,-31.3128892529257,3.11565637596589e-215,3.6700960145236e-214
"832",5001.30717885552,-1.83739479603039,0.0587566053093999,-31.2712891828086,1.14675311122977e-214,1.34552365050959e-213
"25",4788.23746279427,2.9634888880655,0.0948241851509382,31.2524582557531,2.06726352803019e-214,2.41611424838528e-213
"95",1149.28434733903,-2.66010414856137,0.0852295259684692,-31.2110635174186,7.54118277792887e-214,8.77946259593897e-213
"841",2262.22026670198,2.299535834511,0.0737388575000305,31.1848584650236,1.70945804836225e-213,1.98244127158909e-212
"2544",5679.00254285861,1.79117314625299,0.0576257236392191,31.082874680535,4.1041956038592e-212,4.74121746978638e-211
"879",1291.03433044486,-2.9043169049934,0.0935204246298447,-31.0554289770254,9.63696333058668e-212,1.10899208788905e-210
"43",1508.15813120099,2.32867490384508,0.0749882090762263,31.0538807704816,1.01121211998869e-211,1.15921328084528e-210
"134",9076.56996935149,-1.68758399819129,0.0544710404995363,-30.9813064467835,9.62694127241888e-211,1.09938199568997e-209
"388",2048.80404925351,2.21222062632413,0.0714085033317609,30.9797926452294,1.00896759329134e-210,1.14784450156946e-209
"570",5205.51833275519,-1.86686182421194,0.060327506178705,-30.9454499690711,2.92523191165915e-210,3.3152628332137e-209
"2215",4652.1133685,2.16972656851614,0.0702434495051825,30.8886676807644,1.69581388988778e-209,1.91466987114877e-208
"141",1098.82259125604,2.51607196705977,0.082310651366244,30.5679997095931,3.26033037896415e-205,3.66725883227847e-204
"1814",629.82994770023,3.98522130317627,0.130381272295104,30.565902855712,3.47637963183051e-205,3.89562841139959e-204
"133",3479.33044662709,-2.00377451769038,0.0660341404488054,-30.3445233643021,2.96729031932458e-202,3.31273605799222e-201
"1419",88987.8829786981,-1.64498220916025,0.0542768429441226,-30.3072566481758,9.19832807749451e-202,1.02310028282021e-200
"1444",10419.29838333,-2.58835155760129,0.0858620384287249,-30.1454706290244,1.22974932041967e-199,1.36274443210951e-198
"381",1827.67225502951,-2.75678085267335,0.0914510269642761,-30.1448867681961,1.25160941979026e-199,1.38185069520754e-198
"1605",622.314333827537,3.82252229129304,0.12719081204934,30.0534467050199,1.96825264378609e-198,2.1650779081647e-197
"547",5985.20793507676,-2.40836516414797,0.0802100487420143,-30.0257287200283,4.5299173265676e-198,4.964656645088e-197
"2483",11476.6579311088,1.78725417468368,0.0595431270322591,30.0161288760563,6.04492445866783e-198,6.6008810147205e-197
"1161",48184.3819373804,-1.78635176399106,0.0596035195910251,-29.9705751648271,2.37371877115209e-197,2.58260602301348e-196
"39",1101.56954960292,2.88568183840922,0.0964633767126069,29.914791880099,1.26368599658553e-196,1.36990887745794e-195
"655",4296.72852873613,-1.72053547682074,0.0575247968062604,-29.9094577007439,1.48255568819112e-196,1.60137423071041e-195
"1761",597.023803496142,3.54598462917861,0.118669625399366,29.8811479116505,3.45921605385716e-196,3.72301238602181e-195
"989",1128.7685283022,2.70570457697352,0.0907393504972171,29.8184256570858,2.25420958585454e-195,2.41741759171211e-194
"1757",2408.72136689822,-2.06685393846873,0.069322018170283,-29.8152591777074,2.47767289783565e-195,2.64757046797295e-194
"928",533.050652430489,4.38791344723913,0.147177138163549,29.8138250409728,2.58603521126184e-195,2.75352930679553e-194
"1915",2158.77827910019,-2.2499942077075,0.0754849275585971,-29.8071983438135,3.15154536940786e-195,3.34376728555614e-194
"2101",635.372641411446,3.17525349784184,0.107170117907998,29.6281609073872,6.48382735957992e-193,6.85498638157708e-192
"3089",2851.9566307248,2.18738630097743,0.0739085046576713,29.5958673647769,1.68892259421671e-192,1.77931563447056e-191
"1512",1537.93026022962,-2.65481652857024,0.0897742247900075,-29.5721465128791,3.40978297668001e-192,3.57967391797424e-191
"2247",1383.7031937016,2.34931250705455,0.0794659240135492,29.5637726008696,4.36898493796955e-192,4.57063039664507e-191
"1598",37007.9710185314,-1.50949509966755,0.051133463434199,-29.5206895502012,1.56231716235156e-191,1.62872925078602e-190
"2492",2179.22507413628,1.94178280484507,0.0658223383827299,29.5003619220331,2.84833988299276e-191,2.95910865622026e-190
"1136",14107.5032379069,-1.5436465302147,0.0524404809863226,-29.4361626968546,1.89300297282434e-190,1.95981484245344e-189
"609",503.05839167255,3.98305154188863,0.135321304570014,29.4340315040921,2.0157040634369e-190,2.07965053717351e-189
"705",5070.17072506167,-1.7806108182002,0.0605747679644808,-29.3952561113283,6.31449710070311e-190,6.49243138326588e-189
"684",2236.66049307676,-2.23565711886313,0.0761903753390513,-29.3430385257236,2.9318184558834e-189,3.00410986986409e-188
"2280",3135.80616809068,2.46447874864877,0.0841943203346945,29.2713182890701,2.40463245805152e-188,2.4555154656963e-187
"564",16160.4014885796,-1.52501711653084,0.0521182810243518,-29.2606948379262,3.28269657854164e-188,3.34075787857027e-187
"389",2893.80283843652,1.88681620131276,0.0644994778474449,29.2532011774651,4.08843552404319e-188,4.14664375862279e-187
"3016",1499.62091665723,2.71676547354277,0.093014757543557,29.2078971691192,1.53938750643132e-187,1.55602953352788e-186
"1243",1976.30520567747,-2.15923676633283,0.0740453123432066,-29.1610190841599,6.05629750812576e-187,6.10115897114891e-186
"47",1304.64001312116,2.37655172617318,0.0814991570466899,29.1604454854874,6.15857132375071e-187,6.18337093981951e-186
"375",1099.52322556712,-2.7608233065944,0.0949411654874756,-29.0793070889634,6.55861612943825e-186,6.56300316363855e-185
"672",3175.98374079448,-2.02230831247196,0.0697280554088895,-29.0027923568645,6.06716333881946e-185,6.05098423658261e-184
"580",38701.8699457958,8.28102294185943,0.285687630242271,28.986284547346,9.79718877181141e-185,9.73860093197997e-184
"958",531.816374684365,4.93610854516795,0.170323730918729,28.9807446005469,1.1505823542697e-184,1.13991470330296e-183
"2420",1726.32021610648,2.14337492638078,0.0739649253113942,28.9782612144489,1.2365447467539e-184,1.22103692484742e-183
"1420",224349.974680059,-1.4879932843573,0.0513900806854588,-28.9548734796662,2.43656407649906e-184,2.39809201213329e-183
"2493",2149.18647865282,1.86791032424154,0.0645252507052999,28.9485171126676,2.92951099173279e-184,2.87380225811951e-183
"925",477.43210169664,4.74955729056902,0.164241389857184,28.9181508674458,7.06024151057416e-184,6.90334725478362e-183
"1559",2137.66978224156,2.14424778821295,0.074361180524031,28.8355802463356,7.68390191043853e-183,7.4886757381212e-182
"1049",4585.94310774352,2.06699319841444,0.0718817695666635,28.7554578980906,7.74062770264642e-182,7.51946691114224e-181
"1773",4271.49488886674,2.28096931122776,0.0793241671683988,28.7550363609296,7.83514053388769e-182,7.58664740368672e-181
"1774",2250.9264108093,2.29919543374535,0.0800863753591596,28.708946102683,2.95027650569468e-181,2.84749267904468e-180
"1950",4401.27212708715,-1.67608481232005,0.058471460036482,-28.6650070183692,1.0421868640743e-180,1.00264408273643e-179
"668",1692.22198828447,2.21298411195831,0.0774858285914884,28.5598560689768,2.1191744389862e-179,2.03223394918164e-178
"874",4321.52252044282,-1.70832688592749,0.0598671545439157,-28.535294502336,4.27617126363699e-179,4.08763719514437e-178
"1236",776.927245766222,2.89126072430396,0.10132274718369,28.53515922799,4.29272984402275e-179,4.09039735455925e-178
"2453",3458.40282088256,2.47234773862786,0.0868001599084751,28.4832164046101,1.89080560566391e-178,1.7959651975068e-177
"2082",2856.75900884971,5.56528646694681,0.195611998148906,28.4506396315749,4.78509176983787e-178,4.53069448587181e-177
"59",1250.65883200346,2.277380309817,0.0802100155398421,28.3927174741136,2.48730051952048e-177,2.34763506448116e-176
"481",8953.53561436194,1.78402492774968,0.0630269679282539,28.3057393746198,2.93713735881414e-176,2.76349527596601e-175
"1829",4282.32965164108,-2.44801909327289,0.0864950409871004,-28.3024213334726,3.22672102896529e-176,3.02644179268469e-175
"496",1690.38388992842,-2.11108329713548,0.0749534479887609,-28.1652592880321,1.55854630509721e-174,1.45724079526589e-173
"1404",5867.52458051826,-1.99943418251292,0.0710784435002915,-28.1299657680984,4.21408540568206e-174,3.92789518186939e-173
"1615",5391.34509962767,1.76884260941982,0.062892941685936,28.1246601288388,4.89323732320898e-174,4.5467596493917e-173
"327",704.429419955808,3.09102029614869,0.110356155765789,28.0094959334105,1.24495479286201e-172,1.15322128180902e-171
"1859",1249.61289127404,-2.35441427824571,0.0840636158343301,-28.0075304265488,1.31550436642046e-172,1.21481143960803e-171
"114",2895.24967110541,-1.86507028631994,0.0668701901897204,-27.8909074585921,3.4394720194015e-171,3.16643085601517e-170
"654",1491.6071140146,-2.0738415301761,0.0743629978134503,-27.8880840089127,3.72163669402714e-171,3.41568619280037e-170
"1077",3106.54303601323,1.87689171673125,0.0673270077379586,27.8772483701674,5.03633010641398e-171,4.60816503926319e-170
"1995",16109.8663859612,-2.10389990040401,0.0755175938694917,-27.8597316545855,8.21095318721675e-171,7.48999144394893e-170
"1141",3773.63989272086,-1.75136674951832,0.0630539057277399,-27.7757060297031,8.52751468705286e-170,7.75511366068759e-169
"1232",896.400673402455,-2.54427718524751,0.0916542547130026,-27.7595098363346,1.33779693868379e-169,1.2129358910733e-168
"581",32990.3121220713,8.32175934528438,0.301071361162488,27.6404879997641,3.63144097674104e-168,3.28255933607529e-167
"93",1202.42645416468,2.83608052253451,0.102685102339936,27.6192014022224,6.54396553285558e-168,5.89745327539274e-167
"1764",5818.39395048928,-1.88241464884004,0.0682966423506572,-27.5623307976856,3.14910292447311e-167,2.82946424925632e-166
"372",455.486995337027,-4.0950518074066,0.149008320265624,-27.482034560934,2.87879006226818e-166,2.57884427134922e-165
"584",25030.1904917595,8.79342747672446,0.32027073452446,27.4562316465818,5.85379779401459e-166,5.22822776110198e-165
"534",933.616444870674,2.83847551950002,0.103568784412512,27.4066702201935,2.28381971932336e-165,2.03368708339747e-164
"858",6735.98836175579,-1.49844574573637,0.0548302413450492,-27.3288190782634,1.92844026660109e-164,1.71213450375978e-163
"2606",2066.59621955757,-2.63596988046841,0.0965201049425013,-27.3100602412182,3.22159719887653e-164,2.85178071569189e-163
"1942",1481.97675003471,-1.97107051074593,0.0722213017851783,-27.2920933578414,5.26483007963468e-164,4.64671728562447e-163
"1227",10643.7226140054,-1.4422858212366,0.0529262871787792,-27.2508407091681,1.62416307679911e-163,1.42926350758321e-162
"391",2979.94399924962,1.73725776130499,0.0638460773584912,27.2100939193242,4.93345296385624e-163,4.32870711667386e-162
"1371",8029.72346762347,-1.6956164459893,0.0624968938163598,-27.1312115282351,4.21915770610814e-162,3.69114615692267e-161
"1048",4699.01209751849,-1.84402613891211,0.0680677622421421,-27.0910351416024,1.255778002571e-161,1.09541917891908e-160
"715",5375.09142868933,-1.8896910398551,0.0700164505144663,-26.9892436130373,1.97660666104521e-160,1.71918811914165e-159
"1737",642.898992531285,-2.94933079657022,0.109409285371868,-26.9568600740405,4.74011669202599e-160,4.1108490268237e-159
"1594",1401.12016063135,-2.21880240074379,0.0823834247413769,-26.9326312630142,9.11387199939616e-160,7.88112861913101e-159
"1344",2834.94943173726,-2.07052357830921,0.07705209294369,-26.8717370185175,4.70044913686785e-159,4.05295210879211e-158
"921",482.889012439353,5.90200012484879,0.219871120346387,26.8429983690024,1.01814724581253e-158,8.75372574560657e-158
"2041",23595.3467126804,1.60600988980371,0.0598526780251876,26.8327156410255,1.34223081771621e-158,1.15070332567533e-157
"2021",1599.29784578776,-2.23259824384031,0.0832053829727164,-26.8323774745726,1.35448248873543e-158,1.15788903037041e-157
"359",578.84502032862,3.96468283746581,0.148306384665807,26.733055669854,1.94379115807867e-157,1.65692967093202e-156
"673",852.756986935466,-2.38194963416676,0.0892991541286552,-26.6738207926923,9.47472025708236e-157,8.05351221852001e-156
"2083",3755.7130909012,5.47109519366826,0.205587895113757,26.611951985991,4.93681988625964e-156,4.18440937668239e-155
"1430",7357.56195074723,-2.55992122611682,0.0961990507572674,-26.6106703337032,5.10834690990883e-156,4.31756326396814e-155
"2038",39354.2203894785,-1.74747476377088,0.0659491079092759,-26.4973222408835,1.04060999357954e-154,8.77043690363378e-154
"594",5559.00349521591,1.50407551020536,0.0569076151570855,26.4301272519253,6.1753694004256e-154,5.19008574327905e-153
"1853",719.307290375984,-2.66866081785486,0.101173849241445,-26.3769821733901,2.51735731280632e-153,2.1097851764472e-152
"1209",3902.20932186263,-1.59472876482777,0.0605084143323707,-26.3554876197544,4.44043798870012e-153,3.71111465424323e-152
"2100",685.065065475642,2.61810342380227,0.099557365042798,26.2974358820846,2.05168935831797e-152,1.70993163233632e-151
"537",5146.04239631262,1.63627870206363,0.0622294241370404,26.2942928486732,2.22872905793997e-152,1.85232148371011e-151
"533",406.94240481082,3.62483672258989,0.138205336889941,26.227906998096,1.27727958886531e-151,1.05862064539751e-150
"156",24269.1352134182,-1.38530281710154,0.0528446473691437,-26.2146288426257,1.81014597911132e-151,1.49612065455831e-150
"2218",1324.91896740158,2.14828331358593,0.0819830639702816,26.2039890868762,2.39329940738765e-151,1.97265890548315e-150
"1076",2349.75711424102,1.91718853839029,0.0731672754183465,26.2028144061458,2.46822248504504e-151,2.028824636059e-150
"1738",1576.57762073269,-2.28633418043997,0.0873648694447861,-26.169949030656,5.84376300694463e-151,4.79028463473379e-150
"1228",1205.97996157723,2.19386913759819,0.083837528887206,26.1681035535982,6.13334080678568e-151,5.01392232073845e-150
"1009",3292.20660801445,-1.59959849895031,0.0617305822274899,-25.9125775463361,4.80545921941714e-148,3.9176931837864e-147
"267",1298.3527944653,2.04884307915971,0.079253424314848,25.851792485588,2.32276729533444e-147,1.88851080098931e-146
"682",7712.61907865325,-1.55980653823769,0.0604947390838226,-25.7841683733258,1.33469613746777e-146,1.08222516078687e-145
"512",2801.3393480874,-1.71087014878651,0.0664947188009418,-25.7294139991502,5.48008218629348e-146,4.43146105442975e-145
"745",527.740056414479,3.07884972850329,0.120393776296833,25.5731635239378,3.03450691230232e-144,2.4472357632368e-143
"1928",1706.12316583088,1.84766632651318,0.0722524305954222,25.5723760610794,3.09632910504002e-144,2.49038082856982e-143
"46",1121.95430049238,2.08779160918358,0.0820121664479811,25.4570961798434,5.89127420485744e-143,4.72565480453981e-142
"1775",3641.3752482024,1.94085269381838,0.0762709840313214,25.4468028499718,7.65884204364067e-143,6.12707363491254e-142
"1941",972.638480092269,-2.16919413393729,0.0854667679041095,-25.3805565266144,4.13479298269474e-142,3.29901349445937e-141
"1616",5543.52878089613,-1.44974815205923,0.0571588421869525,-25.3634975200768,6.37847550343886e-142,5.07563795380028e-141
"1357",5879.76398651005,-1.38525394444111,0.0547151042047618,-25.3175784744381,2.0457486815772e-141,1.62357561147983e-140
"923",381.427165844809,3.69978694864055,0.146362474593918,25.2782481227213,5.54163465097854e-141,4.3863944115682e-140
"33",8873.33270698594,1.40494891214371,0.0559106577029653,25.1284633353401,2.4305634764979e-139,1.91879839622209e-138
"653",2151.93775569685,-2.13680460596582,0.0851699470151737,-25.0887159244696,6.60417866929547e-139,5.19992173119264e-138
"2005",4184.9794521896,1.58230908943754,0.0630691768616499,25.0884690140881,6.6452813066702e-139,5.21855161930637e-138
"1422",32809.0561346774,-2.12327521962033,0.08463692327454,-25.0868667890134,6.91827720022506e-139,5.41871345106633e-138
"392",873.734495094403,2.1219818906796,0.0845868256860117,25.0864348374586,6.99377285539153e-139,5.46354265883328e-138
"107",3478.60612509474,2.41306251004642,0.0965634511044405,24.9893979807796,7.97171066953239e-138,6.21129123001066e-137
"278",847.183624014226,-2.45232445980537,0.098180169622444,-24.9777981565512,1.06564706050952e-137,8.28160001310258e-137
"94",1001.58024379156,-2.90232897092934,0.116218998995059,-24.9729303816558,1.20364074462893e-137,9.32977489100973e-137
"1538",1880.34993216891,1.71436233847157,0.0687232188406624,24.9458969965652,2.36592248660868e-137,1.82915764339359e-136
"1050",2325.94777937748,1.64556617587136,0.0661485479813011,24.8768298940822,1.3256491371122e-136,1.02225314903085e-135
"45",962.648894760905,2.21213818085712,0.0890647745032165,24.837408427697,3.53738294330834e-136,2.72078400163973e-135
"639",363.325613240254,3.94490057526726,0.159120561684627,24.7918969962282,1.09634354358562e-135,8.41092277540558e-135
"2866",531.312781912859,2.64392877598552,0.107094283659595,24.6878608795722,1.44401583262203e-134,1.10498602844121e-133
"933",384.735268730174,3.36338850222914,0.136478335546183,24.6441201731317,4.25503673106393e-134,3.24772191309778e-133
"2954",8265.09624036227,1.58524074040641,0.0643373212073299,24.639520431662,4.76661043362056e-134,3.62893089501087e-133
"2350",12712.3772311244,1.58892379077654,0.064492315653479,24.6374126076341,5.02112631310912e-134,3.81299744386357e-133
"422",3814.63285396698,-1.70262765699343,0.0691577736288437,-24.6194688992029,7.81704047998758e-134,5.92116078889186e-133
"1362",4158.84369876411,-1.50721250864126,0.0613062823045317,-24.5849601702214,1.8296234107355e-133,1.38238213255571e-132
"1125",505.274257393919,3.99018862534093,0.162521348066818,24.5517814908871,4.13961290415062e-133,3.11982917108783e-132
"1925",1400.61867535603,1.97329698653263,0.080447356037716,24.5290471150785,7.23866384508402e-133,5.44172920213352e-132
"1231",674.975086541894,-2.49388487333117,0.101975674416359,-24.4556840403802,4.3783512757813e-132,3.28321479126257e-131
"336",2345.64142532721,-1.66947684892981,0.0683722928969009,-24.4174471587083,1.11630569880593e-131,8.34996662706838e-131
"103",4223.23890508629,-1.94914332761067,0.0800546053423778,-24.3476726825966,6.13590268856969e-131,4.57820968683305e-130
"952",330.061486701625,4.83097522417528,0.198451487796185,24.3433560404285,6.81703613385903e-131,5.07377415733986e-130
"569",3355.48171968852,-1.56829032001642,0.0645354141423171,-24.3012358541302,1.90222695817337e-130,1.41227371187462e-129
"139",615.221491762618,2.40626505273504,0.0994921863408339,24.1854676355369,3.16391120859444e-129,2.34317384557291e-128
"880",4398.11030225899,-1.48394723698397,0.0615684890935197,-24.1023818974983,2.36001804999227e-128,1.74349975446343e-127
"1765",4482.07128268323,-1.78552967109938,0.0742605205466681,-24.0441308242283,9.61547472374876e-128,7.08608383582668e-127
"113",1160.71453316087,-2.14744157405039,0.0894203369110004,-24.0151362456589,1.93231782846709e-127,1.42051472795418e-126
"856",3099.62133423354,-1.66598194512121,0.0693750830384611,-24.0141254201829,1.97988107096511e-127,1.45191278537441e-126
"2212",1648.15818617091,-1.8461738486574,0.0769227996759686,-24.0003465348931,2.75771296671901e-127,2.01737828763406e-126
"2296",485.770063925685,2.83475833235194,0.1181418940271,23.9945224824454,3.17213821828405e-127,2.314887207099e-126
"2898",5870.70044977414,1.95531040597943,0.0815015343996805,23.9910870437195,3.44517389584895e-127,2.50801953683213e-126
"785",40444.9371055418,-1.40314423432311,0.0585012893082376,-23.9848429139755,4.00289461114346e-127,2.90695647488865e-126
"978",6650.02188699724,-1.85815744906891,0.0775259446936266,-23.9682013087636,5.96982284505514e-127,4.32486923787046e-126
"2004",4870.61335414718,1.44180523771271,0.0603444090788213,23.8929382145318,3.6268157551342e-126,2.62111901916945e-125
"588",18780.284996568,8.99863256891308,0.377397426846243,23.8439160651174,1.17104705979156e-125,8.4428260310755e-125
"2217",1006.68138546439,2.19046331605166,0.0920065070878558,23.8076999701773,2.77955467095193e-125,1.99914124410773e-124
"685",4963.42847485544,-1.47692440322342,0.0620725799218826,-23.7935076177293,3.89881046375268e-125,2.797419881906e-124
"1771",1611.7720347295,2.29122078679376,0.0962976000996907,23.7931244851565,3.93457762394861e-125,2.81632924661584e-124
"316",308.401564727639,4.07468188337243,0.171305689479641,23.7860277481134,4.65959796952499e-125,3.32733105604267e-124
"2410",3613.04877216667,1.69011580102217,0.0711240706364562,23.7629228178043,8.07849178895015e-125,5.75496367441401e-124
"1247",1601.42115671422,1.6718701114932,0.0704679292462411,23.7252623906553,1.97864702757952e-124,1.40620235309214e-123
"717",3471.96690505305,-1.39829854421672,0.0589374574103471,-23.7251249995599,1.9851186638407e-124,1.40745854080838e-123
"1916",3351.46625109201,-1.64815673958176,0.0694792084575565,-23.7215819836028,2.1595065223172e-124,1.52748073635297e-123
"1574",1115.59428191891,-2.05018680095164,0.0867297666164027,-23.6387907051499,1.53924403787244e-123,1.08618352861187e-122
"484",51485.3149783735,1.48401438440037,0.0628602037680677,23.6081701210494,3.17703308411357e-123,2.23663129121596e-122
"409",2028.13416323823,-1.75598690866005,0.0745722107388636,-23.547470180402,1.33255777182473e-122,9.35918510164221e-122
"623",962.159625118025,2.01350643653765,0.0855216791143073,23.5438131873723,1.45260898460519e-122,1.01784685759689e-121
"1058",550.560283609115,2.50401122874644,0.107198546697258,23.3586303722762,1.12616990563308e-120,7.87266438704246e-120
"2637",373.723309627955,-3.37716065462341,0.144751397194417,-23.3307637790019,2.16095218339872e-120,1.50712562534475e-119
"2421",4584.19503247708,-1.64633062161136,0.070606543882,-23.3169693784016,2.98284333019956e-120,2.07550401022258e-119
"701",5399.22341602491,-1.34099215675858,0.0576109681918942,-23.2766814869682,7.63833748246211e-120,5.30253033585305e-119
"1897",2285.1299769783,2.05820258845357,0.0886734029862205,23.2110477227699,3.52186456470462e-119,2.43921730962876e-118
"2486",13948.4917240732,1.18448713159291,0.0511211451708727,23.1701994866069,9.09788116031612e-119,6.28657284795978e-118
"1184",5200.5016013042,1.37896195446241,0.0596175164511843,23.1301475899541,2.30340509901639e-118,1.58796959821591e-117
"499",1968.80883020392,-2.03772406544502,0.0883001461144476,-23.0772445472954,7.8375448930903e-118,5.39078949887958e-117
"2348",4592.93179058369,1.53018709594656,0.0665534428568977,22.9918548201443,5.62346286647399e-117,3.85903690286472e-116
"864",3046.15891214713,-1.44283019891401,0.0627992055210753,-22.9752938264449,8.23420094455667e-117,5.63769547508319e-116
"56",904.769201755101,1.95343268257628,0.0850654695607601,22.9638735042895,1.07092911737966e-116,7.31557059178067e-116
"969",1872.24009433079,-1.71900846345252,0.0749879995869407,-22.9237807772097,2.69163296304781e-116,1.83447968688817e-115
"1800",1791.07609943081,1.63106825729801,0.071403104056674,22.8431001543491,1.71142367254711e-115,1.16376809733203e-114
"868",3010.39417812633,-1.43226413596328,0.063130090780126,-22.6875031900663,5.95220089830329e-114,4.03831861399625e-113
"869",2671.17629916603,-1.53962420397795,0.0678694254454751,-22.6850926447705,6.28743530157713e-114,4.24650257840153e-113
"1025",1145.70436262047,-1.74630406098965,0.0769799860404091,-22.6851698839353,6.2764069375619e-114,4.24650257840153e-113
"2424",42831.7998484282,-1.4297158434746,0.0630457752134896,-22.6774250714375,7.48424554295501e-114,5.04343753705436e-113
"231",382.10731818756,-3.02342930462267,0.13367457683014,-22.6178333705483,2.89344248923025e-113,1.94543369163526e-112
"2864",1139.04600191678,1.71376515077069,0.0759481500973275,22.5649360593313,9.5812002357338e-113,6.42756751240258e-112
"2597",4375.49706027743,1.39092853799424,0.0616584630636934,22.5585989154062,1.10569570191354e-112,7.40098778551526e-112
"1707",1641.2830732988,-1.73656022556762,0.0770165862503779,-22.5478732583931,1.40895278811889e-112,9.40979183493688e-112
"40",796.868085764796,1.91496302799686,0.0851581651697535,22.487133490718,5.54691301993242e-112,3.69629482308191e-111
"1056",564.27461000789,-2.4149989819251,0.107650922750012,-22.433611530978,1.84994002075914e-111,1.23000456491363e-110
"1675",738.406202703949,2.0974501598384,0.0936484045562262,22.3970730711072,4.20300162552206e-111,2.7883327857122e-110
"957",274.844355798705,4.98719209802222,0.223000017958908,22.3640883246082,8.80645264593374e-111,5.8294040523526e-110
"712",1923.78798006595,-1.73879698038231,0.0777853820146864,-22.3537756754093,1.10953259594782e-110,7.32830359177897e-110
"2347",2055.69563408416,-1.51111518719327,0.0676188548237543,-22.3475418377304,1.275766310206e-110,8.40769339237082e-110
"2605",11745.8771349771,-2.06384765159406,0.0925871490278909,-22.2908651282949,4.53151043346818e-110,2.97984158613995e-109
"209",1228.83044461458,-1.67982145956094,0.075376132893105,-22.2858535598156,5.06816544624068e-110,3.32542785420002e-109
"2497",571.164578191964,2.2412953198587,0.10058260411216,22.283130762447,5.38585870409077e-110,3.52614644259072e-109
"111",756.711080222432,-2.13764601850445,0.0960837068575067,-22.2477471823043,1.18602269345567e-109,7.74799104545711e-109
"641",357.223079174753,3.06230744658105,0.138112500447232,22.1725581440114,6.32137794714899e-109,4.12060192110453e-108
"1542",3593.73187517419,-1.49051389338255,0.0672383399198816,-22.1676188787317,7.05448125982703e-109,4.58847998465271e-108
"1561",3283.09996891318,-1.59549956804185,0.072063324226573,-22.1402438087018,1.29534112099593e-108,8.40707295882823e-108
"1743",317.996122163908,3.8311309093416,0.173524999125075,22.0782649684969,5.11343794353274e-108,3.31155981104978e-107
"1595",1309.966421425,-1.74004019428991,0.0792673175046616,-21.9515463505824,8.37053525918143e-107,5.4092098262356e-106
"636",5335.85160046716,1.50279790335698,0.0685404170260999,21.9257187009049,1.47687516493348e-106,9.52329847732971e-106
"973",3815.96587747589,-1.34295803169272,0.0613807483523281,-21.8791407361815,4.10504586935907e-106,2.64135424540265e-105
"1840",1971.7655792671,-1.43945155077867,0.0658088151236083,-21.8732330626977,4.67263531403045e-106,3.00011263081097e-105
"610",270.208781830596,3.66303810795556,0.167675427453477,21.8460042928586,8.48393355886597e-106,5.43553087968458e-105
"1674",1035.6739222652,1.75958825615631,0.0806329692395851,21.8221934867366,1.42841096505051e-105,9.13206326374173e-105
"163",5522.7499111048,-1.22881131491187,0.0563690223689797,-21.7994079597182,2.35037184097943e-105,1.49942698256087e-104
"2279",1152.35389441673,-1.75961522914739,0.0807496503278201,-21.7909950322244,2.82446618732855e-105,1.7980431558483e-104
"2779",800.103695136955,1.93901665197816,0.0890015497389206,21.7863245939663,3.12769225856113e-105,1.98684824577811e-104
"2349",8288.86224753831,1.53689495034065,0.0707164660628929,21.7331978803039,9.9617359338098e-105,6.31472752414384e-104
"2211",939.600255087353,-1.86701529035359,0.0859766183104645,-21.7153841014278,1.46810804088395e-104,9.28663690977755e-104
"1739",4306.73413148494,-1.42240397788284,0.0655508394258311,-21.6992488630485,2.08541408546233e-104,1.3163626463509e-103
"1593",1006.41601562237,-1.76437194964275,0.0815492875421904,-21.6356513075596,8.29694265115433e-104,5.2262005078429e-103
"1797",828.493294863238,-1.85882360395626,0.085939099330486,-21.6295448572017,9.47130370226887e-104,5.953390898569e-103
"1480",1320.05748300168,1.85035570066963,0.0856432851562191,21.6053797713908,1.59868660415566e-103,1.00278203765906e-102
"2805",513.264297807216,-2.35807267148996,0.109601370193448,-21.5149926258032,1.1269732423692e-102,7.05419234554109e-102
"1350",23663.7075069763,1.1988793524769,0.0557485142416101,21.5051354961864,1.393779718636e-102,8.70603114438187e-102
"1501",1884.68573165673,1.51811081517533,0.0706852462526529,21.4770534964127,2.55188747732252e-102,1.59067652753104e-101
"1355",2401.89292368883,-1.37369679229941,0.06397919971549,-21.4709905470547,2.90754856289222e-102,1.80860401251009e-101
"1414",44036.4367951307,-1.6316660905582,0.0760109021828763,-21.466211342059,3.22242702727623e-102,2.00031154888184e-101
"929",243.257339052545,4.39257601993642,0.204718274293213,21.4566874164104,3.9549735824314e-102,2.44995464982086e-101
"855",2963.87958828423,-1.34916208635167,0.0630188455972118,-21.4088670391537,1.10465590888437e-101,6.82878198219427e-101
"387",3500.23728780398,1.27221273422463,0.059486007749087,21.386756018169,1.77480439599049e-101,1.09488963975331e-100
"2088",960.826298375287,2.56378430661821,0.120230630068516,21.3238864768252,6.81564480034393e-101,4.19596897996482e-100
"1128",452.552507738207,-2.42846145677133,0.114040995694304,-21.2946356876874,1.27292192297478e-100,7.82049772800934e-100
"1144",943.613646366321,-1.91615924709542,0.0900596386279987,-21.2765593587414,1.87184760554958e-100,1.14765738438614e-99
"249",4411.02737077149,1.35525673606654,0.0637768860320901,21.2499671963386,3.29895998008429e-100,2.01850475673051e-99
"859",507.930371513643,-2.45727394211163,0.115997939963484,-21.1837722539313,1.34794047094635e-99,8.23068956953366e-99
"714",460.855507237034,2.5507222000302,0.120438009154644,21.1787144102908,1.5007230170784e-99,9.14493537087287e-99
"1490",2619.51396575633,1.34599508156759,0.0636978628321763,21.1309300143061,4.13325906962839e-99,2.51355917405044e-98
"910",238.892995801178,4.59597988870537,0.217716259459958,21.1099524679766,6.44374621649887e-99,3.91068735897862e-98
"1226",358.651639199797,-2.70201720864075,0.128004915349367,-21.1086988438379,6.61693561956457e-99,4.00766626998729e-98
"2104",318.808311700482,2.89685729490988,0.137341284792621,21.0923998511009,9.34011979823395e-99,5.64558352248808e-98
"885",5172.71951668113,-1.33484019987657,0.063312879263545,-21.0832332284271,1.13368206211659e-98,6.83866276180005e-98
"248",5567.63959300742,1.1818170467052,0.0561104419685382,21.0623371558516,1.76261137263251e-98,1.06111332533531e-97
"410",2703.97693617546,-1.37209958754115,0.0652292709181828,-21.0350287260175,3.13583199274067e-98,1.88401793620082e-97
"1458",307.691311803007,3.01727258808936,0.143678264995495,21.000202001214,6.53073073126259e-98,3.91582091141035e-97
"353",501.88196410624,-2.3079204904347,0.1101856157571,-20.94575117248,2.0513831442611e-97,1.22754767352584e-96
"2209",1491.08900798355,-1.59085199623039,0.0759956243582994,-20.9334683366761,2.65460534257363e-97,1.58534514670265e-96
"117",2373.7235084995,-1.65113997368502,0.0790186090482706,-20.8955838829861,5.87340537886366e-97,3.50064320588846e-96
"1801",2524.29991268999,1.45877949455033,0.0699583456215198,20.8521153779485,1.45830897978255e-96,8.67447409047594e-96
"1060",1159.71099699398,1.95992034559967,0.0941612569874704,20.814509154869,3.19803512351787e-96,1.8985160891995e-95
"1078",11815.3176984562,1.1747779279439,0.056554541156901,20.7724773981399,7.67935680902982e-96,4.54982882626084e-95
"1035",8373.50141850047,1.341367137392,0.0645774897413627,20.7714351047752,7.84782336478625e-96,4.64045207656926e-95
"118",609.1131087526,-2.25068727132907,0.108453282186466,-20.7525971178947,1.16144959612591e-95,6.85415619646688e-95
"92",11544.345150873,-1.15023301422661,0.0554457342063405,-20.7452030474705,1.35451360700195e-95,7.97776518139732e-95
"867",2324.77117166723,-1.43508974559808,0.0691784982045992,-20.7447369174411,1.36770567753003e-95,8.03963730288774e-95
"2394",4792.09291106108,1.15116923864078,0.0555299899734172,20.7305861065679,1.83541132087001e-95,1.07677464157707e-94
"1470",4496.34238583326,1.55909708358906,0.0753814374020133,20.6827720102272,4.95124086532912e-95,2.89904357515944e-94
"585",55541.4147441654,8.92214962362629,0.432846735422851,20.6127224568534,2.1102268962542e-94,1.23316384249855e-93
"2040",8280.90977286085,1.26780911389045,0.0616222686500001,20.5738792430916,4.70479817822296e-94,2.74400704663608e-93
"143",969.229982793582,-1.82944931484818,0.0889606209561057,-20.5647093645047,5.68393929222748e-94,3.30862769695421e-93
"718",3420.55209075029,-1.21709781807202,0.0591890268072025,-20.5628962617766,5.90037892929573e-94,3.42794830222385e-93
"2248",430.984037239503,2.28155474905258,0.111220905897454,20.513722043913,1.62380119829008e-93,9.4155294288448e-93
"990",284.367197065105,3.00859284156517,0.146687572901305,20.5102094339609,1.74541228940334e-93,1.01011094195257e-92
"1012",2888.12904314886,1.40171586503991,0.0684593171763801,20.4751657313277,3.58526523881571e-93,2.07087135029664e-92
"238",9480.29107477381,-1.11892364990517,0.0546529362008971,-20.4732577549385,3.72843852304422e-93,2.1494196649226e-92
"1149",26574.5422497491,-1.08517214627136,0.0530144703671089,-20.4693574934706,4.03910283401521e-93,2.32403763064875e-92
"1613",5390.76356885049,1.22082813741567,0.0597008828022307,20.4490801494488,6.1218702450676e-93,3.51566905436512e-92
"784",46292.5470821536,-1.36053479377009,0.0666461180880787,-20.4143141836412,1.24770236495991e-92,7.15158137157099e-92
"1504",704.849696245005,-1.92690487613983,0.094422751998601,-20.407209442152,1.44291211676784e-92,8.25467123015177e-92
"2126",246.358589096603,3.36569924297373,0.165186512412369,20.3751456085691,2.77887914284014e-92,1.58671877774384e-91
"607",3412.16181174695,1.29458995155505,0.0636392614771954,20.3426300290891,5.39578557690094e-92,3.07508389449288e-91
"2310",416.675158128761,2.47772266461666,0.121869716585001,20.3309134873429,6.85150412498683e-92,3.89728143383281e-91
"1191",1116.27624707602,-1.70529892694784,0.0838850113047502,-20.3290063436074,7.12303376401537e-92,4.04404497569905e-91
"943",217.038940968836,3.92677374928444,0.193347659567016,20.3093937525703,1.06207166048644e-91,6.01840607608981e-91
"2610",10721.2748649944,-1.81444026856372,0.0893997304838822,-20.2958136310136,1.40017734339402e-91,7.9193395301227e-91
"245",1709.65230931961,1.38081241147399,0.0680425428053644,20.2933687446662,1.47158016143841e-91,8.30748649627119e-91
"1741",12569.6191734147,1.05238921422669,0.0518772662741295,20.2861347524687,1.70483356798982e-91,9.6061431928918e-91
"894",6356.4410121404,1.13361393019707,0.0559089504323202,20.2760724612306,2.09182234323089e-91,1.17645346822309e-90
"2739",711.02865231612,1.81191481205938,0.0896126285002593,20.2194137409343,6.60635207131148e-91,3.70848131282626e-90
"1014",694.462901844668,-1.85313126650589,0.0918853855051304,-20.1678564694319,1.87595156255775e-90,1.05109495789752e-89
"1514",2117.41478538819,1.30947280643338,0.0649595543812119,20.1582787768033,2.27664848315465e-90,1.27322098347639e-89
"1382",2231.98172258898,1.41701967724487,0.070354494452242,20.1411393582932,3.21846699922708e-90,1.79657710106109e-89
"1938",2794.12863756354,-1.26760134689649,0.0633767568170766,-20.001044713524,5.39308886132749e-89,3.00486440839699e-88
"535",3067.45007445026,1.56424249349363,0.078295617906121,19.9786723104888,8.4439745804218e-89,4.69597991535725e-88
"2639",599.579431531867,-1.97464116849996,0.0990098719044337,-19.9438816606684,1.69395848873234e-88,9.40319814153464e-88
"256",1430.292758381,-1.62395610904209,0.0814992799959103,-19.9260178632692,2.42074088750559e-88,1.34126976581791e-87
"2747",450.27165116702,2.59133164975289,0.130550095912969,19.8493278126766,1.11684985818678e-87,6.17673710849324e-87
"2180",2721.55307009551,-1.45417236170949,0.0732925954407585,-19.8406449241504,1.32744924728172e-87,7.32791171193155e-87
"626",768.764482784864,1.83610422579415,0.0926008779002418,19.8281513893655,1.70180204297851e-87,9.37714864197364e-87
"2221",4588.7439956807,-1.20331738717325,0.0607106457788189,-19.8205334787111,1.97998669258466e-87,1.08899268092156e-86
"1356",1338.25870920287,-1.51353654045276,0.0763724845496587,-19.8178250894618,2.08945683309915e-87,1.14709263204269e-86
"1586",950.567711389604,1.74274982940952,0.0879842713513163,19.8075156234552,2.5642856078807e-87,1.40519094116832e-86
"1847",408.066670401898,2.22866718417397,0.112754435596208,19.7656719435428,5.88100639788682e-87,3.21681373719879e-86
"1552",4851.84614690028,-1.16696900711956,0.0590645530942659,-19.7575186128488,6.91201514705689e-87,3.77385936496245e-86
"2812",5097.24561910765,1.18269785589684,0.0598772889444969,19.7520274672612,7.70611459217366e-87,4.19976226954164e-86
"1151",2087.07573208022,-1.48184926710886,0.0754192093144666,-19.648167629684,5.99378553647458e-86,3.26061933184217e-85
"128",2151.48630409342,-1.25090464186474,0.0638205350091573,-19.6003471560565,1.53572670159823e-85,8.33919109107426e-85
"1973",5876.90031002474,-1.12865372544133,0.0575919890949446,-19.5974083058784,1.62702148705383e-85,8.81892806026277e-85
"135",1732.28051596173,-1.50360916396445,0.0768043668576399,-19.5771311643184,2.42287479963717e-85,1.31089356248e-84
"2238",3513.32742639272,1.20106552337053,0.0614494784591697,19.545577171474,4.49874448141206e-85,2.42964683905865e-84
"568",8831.96762867586,-1.16791032700527,0.060152909422815,-19.4156914139601,5.68654564747453e-84,3.06561163553942e-83
"2030",1102.66856406435,-1.53758470946559,0.0792693110190976,-19.3969733014981,8.18507492183942e-84,4.40463024570927e-83
"2307",1732.74010109104,-1.34792077956887,0.0696994188524516,-19.3390533488136,2.52059868924478e-83,1.35397329950097e-82
"893",674.850754466873,1.75611165023708,0.0908289318614763,19.3342761413878,2.76521242115391e-83,1.48270888245385e-82
"106",1163.43205958774,1.49198190485787,0.0772709478763722,19.3084457465816,4.56092590946738e-83,2.44119683741081e-82
"643",5521.70661819679,-1.06966116950609,0.055403216525105,-19.306842392831,4.7047151985117e-83,2.51366212034768e-82
"1327",47623.6226422036,-1.07251691539935,0.0555555295252158,-19.305313522618,4.84603332342954e-83,2.58455110582909e-82
"2022",2037.80371472327,-1.47018647651365,0.0761834600484272,-19.2979745942112,5.58560130717981e-83,2.97368667456975e-82
"742",484.605577879403,2.21436260083087,0.114838205419253,19.2824556317878,7.5410124268253e-83,4.00758600018851e-82
"2303",1389.82553459218,1.41694219409275,0.0736016677738245,19.2514957466313,1.37145614467884e-82,7.27552621432462e-82
"157",4340.05467248573,-1.61774724519803,0.0842265822801794,-19.2070864257153,3.22886263831183e-82,1.70986849802283e-81
"1519",9509.75254208715,1.51984187536553,0.079244716350062,19.1790941449226,5.53360203946033e-82,2.92518326891613e-81
"2127",191.852737901695,4.62240133440293,0.24134742198837,19.1524785983654,9.22879130753806e-82,4.86993714147335e-81
"2482",1262.37647237573,1.36994211916466,0.0715413395405107,19.1489581822677,9.87424075660135e-82,5.20136062389987e-81
"2467",2169.21305505766,1.24937632074715,0.0653729380718245,19.1115216417913,2.02477930506761e-81,1.06469941665418e-80
"126",4678.59516257717,-1.36649665020426,0.0715059391190269,-19.11025387597,2.07457189917968e-81,1.08896826707818e-80
"1208",1139.31074121687,-1.52938351534092,0.0801828067266903,-19.0737089131084,4.17608565327207e-81,2.18823962777408e-80
"911",202.413026806696,3.62963181049591,0.190440611890244,19.0591270132432,5.51879535017524e-81,2.88675449086089e-80
"160",20844.9843072197,-1.02127481297485,0.0536574052910019,-19.0332500693266,9.04641012609746e-81,4.72371013914199e-80
"2469",3237.61288938183,1.16892550672097,0.0614428829596382,19.024587558641,1.06723786454977e-80,5.56302385145108e-80
"1718",863.549873066723,1.65730636701156,0.0871758498015594,19.0110721121059,1.38101002547191e-80,7.18605564558603e-80
"1531",1006.08688482728,-1.60271095871699,0.084448186789835,-18.9786307988546,2.56185504322823e-80,1.33074136967689e-79
"3096",208336.893112895,0.988225860342658,0.0521212267241236,18.9601420084242,3.64159565879748e-80,1.88832828615634e-79
"451",2660.25663404597,1.21628989368363,0.0642021367916372,18.944694903707,4.88413655883725e-80,2.52825892457458e-79
"1328",49174.4168699676,-1.02271796022949,0.0540201150645801,-18.9321692300517,6.19577053452638e-80,3.20168315013868e-79
"2468",1506.58247590756,1.48833353839463,0.0786158109747863,18.9317329420155,6.2473013681293e-80,3.22274580921429e-79
"493",6783.87518503048,1.26439620604044,0.0668392991908959,18.9169578578206,8.26917569873408e-80,4.25841199494189e-79
"215",1523.37779173581,-1.45600150197193,0.0770035955925679,-18.9082274764902,9.75820088549011e-80,5.0165871218877e-79
"1358",714.643328980153,-1.68378922141864,0.0892632275823079,-18.8631899946262,2.28978807793146e-79,1.17513652301388e-78
"2548",5112.77122008944,-1.09274667544945,0.0581140487605426,-18.8034855384467,7.07131161952291e-79,3.62283636397475e-78
"181",13692.6596891141,-1.145674633833,0.0611536517965273,-18.7343617294505,2.59737846235657e-78,1.32843698450784e-77
"1673",1512.35022359509,1.39026788907558,0.0742141777429119,18.7331845660496,2.65545986832752e-78,1.35582524335084e-77
"2132",180.309561272896,4.2693837054263,0.228773894852463,18.6620230781997,1.00840161072619e-77,5.13992780118017e-77
"1766",7467.76685544916,-1.15793768918415,0.0623124543290063,-18.5827649007421,4.43077891874078e-77,2.25457321851572e-76
"862",5116.12123425945,-1.16819818436791,0.0629396325734443,-18.5606133465228,6.69360850420677e-77,3.40021674780758e-76
"1363",1084.04447673518,-1.78932462095314,0.0964515204082281,-18.5515439609441,7.92427874571911e-77,4.01854949274434e-76
"1956",4063.67897094824,-1.24795252459508,0.0674723341484922,-18.4957663069519,2.23344692571541e-76,1.13070612550601e-75
"1260",2074.1580559347,1.23078094305425,0.066557961611073,18.491866536512,2.4009809685884e-76,1.21346875980008e-75
"2422",109593.958981918,-1.30538268507087,0.0706835019307231,-18.4679967660668,3.7369632646362e-76,1.88549647348929e-75
"882",5203.4505437267,-1.02276933156888,0.0554461132334295,-18.446186250477,5.59574704068387e-76,2.81859850938151e-75
"1047",12819.732147193,-1.06642438479637,0.0578808531616153,-18.4244759112084,8.35963664555366e-76,4.20370299890698e-75
"1343",4087.03223872317,-1.24679511118893,0.0677262822071571,-18.4093245717417,1.10593207140854e-75,5.55192744572876e-75
"1730",467.124797941141,-2.02252762066011,0.110050308260045,-18.3782094992496,1.9634313523248e-75,9.84017856977523e-75
"1245",1865.47682884545,-1.31293507480867,0.0714894688554057,-18.3654333404575,2.48458663287155e-75,1.24312428186483e-74
"1400",37547.7451779861,-0.944724626146079,0.0514631841996629,-18.3572905726317,2.88654270036715e-75,1.44182566936536e-74
"146",250.983158450049,2.71926983792096,0.148230486579612,18.3448756100553,3.62755933894686e-75,1.80894292368817e-74
"41",763.075796518506,2.24853592946135,0.122627671083673,18.3362850292337,4.24856784651684e-75,2.11509400944732e-74
"2655",1093.28349120439,1.60531854267199,0.0876141578902605,18.3225928471823,5.46462000422781e-75,2.71597060675242e-74
"136",2924.70891414291,-1.53623980613863,0.084008774071904,-18.2866590199704,1.05698055861686e-74,5.2445867850442e-74
"1959",1369.86521687512,1.38936968207077,0.0760261848762372,18.2748836382165,1.31169437392963e-74,6.49766484569114e-74
"1126",230.565420554302,5.98422115381867,0.327480483467386,18.2735199681438,1.34489222685201e-74,6.65110337643177e-74
"586",15601.7663278659,9.16791509041742,0.501815801348849,18.2694826782549,1.44817028236626e-74,7.15004205419115e-74
"2425",77523.984424383,-0.929538272149942,0.0509742208881471,-18.2354581581469,2.69982109908326e-74,1.330784963502e-73
"1672",941.555790793325,1.47863524671175,0.0812814253594902,18.1915516389146,6.02112099228323e-74,2.96302533041306e-73
"2020",4095.20411834621,1.09278488576304,0.06008989032063,18.1858359190226,6.68286846476515e-74,3.28327462176968e-73
"593",9522.70365594048,1.15932529719899,0.0637917303844429,18.1735985246407,8.35356836804928e-74,4.0973568126563e-73
"629",637.622927406695,1.70911349422579,0.0940457056461952,18.173222078375,8.41108686126778e-74,4.11881700309545e-73
"844",13996.8402481499,0.991213389031929,0.0545613863568241,18.166939207694,9.4314956014982e-74,4.6109534051769e-73
"2032",1800.10598207126,-1.26273646806078,0.0698198369890747,-18.0856404499823,4.13535293562387e-73,2.01843001360304e-72
"1851",1168.37534647916,-1.48804865650569,0.0823259961332853,-18.0750762383312,5.00860874660053e-73,2.44067709606332e-72
"2298",384.892829104141,2.12351930894057,0.117582888418371,18.0597647965994,6.61036442492253e-73,3.21596916412491e-72
"1896",2208.91679737287,1.23534093034357,0.0685583976302885,18.0188127646351,1.38687863887407e-72,6.73626767453117e-72
"1468",6128.49551684437,-1.31900322816799,0.073360948963542,-17.9796369431302,2.81328644669975e-72,1.36423874368325e-71
"213",2436.84813762122,-1.33259397333364,0.0742112739950965,-17.9567591498522,4.24903349748707e-72,2.05713725315232e-71
"1553",3480.21234584624,-1.16970448160969,0.0652923555243008,-17.9148764387026,9.02693664676787e-72,4.36326243087713e-71
"2416",13084.8475844076,-1.15465190470978,0.0644838629340765,-17.906059782588,1.05762693061819e-71,5.10390286517682e-71
"2123",303.265548803801,2.33550331287999,0.130446585517277,17.9039052928729,1.09935467025267e-71,5.29672974781964e-71
"312",232.883013716703,6.27957230645048,0.35084121247933,17.8986164768783,1.20887895553821e-71,5.8150576124925e-71
"212",1995.72996303844,-1.14642550093866,0.0643559698795427,-17.8138174762103,5.52123998030257e-71,2.65161316550005e-70
"955",693.121333141883,5.22153680542926,0.293347185774194,17.7998530705134,7.08545213545126e-71,3.39738345981894e-70
"1385",407.379939141015,-1.99184662876176,0.111925101844314,-17.7962458460157,7.55679125083946e-71,3.61758710760186e-70
"2102",203.159278606889,3.1673529385825,0.178736635758296,17.7207818931184,2.8985544577044e-70,1.38537938297948e-69
"382",214.421213514456,-3.10138312033624,0.175172118951088,-17.7047759592508,3.85210474136594e-70,1.83819735026585e-69
"1359",1764.87769448958,-1.53741245889037,0.08698587440098,-17.6742772257866,6.61831699345817e-70,3.15318542108708e-69
"2585",295.032916100938,2.37756243621002,0.134590570448284,17.665148667481,7.78075576968856e-70,3.70111625801402e-69
"2228",2439.99885538788,-1.20053520951758,0.0679944168106492,-17.6563792415609,9.08860700507774e-70,4.31636700939565e-69
"164",6007.46495166352,-1.07005488243306,0.0606934614110881,-17.6304804101612,1.43740498273551e-69,6.81571427629896e-69
"1911",669.101736580587,-1.69503359508547,0.0961958624795891,-17.620649697331,1.71029433224707e-69,8.09683645899245e-69
"2064",2882.88156970517,-1.14247150834927,0.0648609922484665,-17.6141540353367,1.91835593662085e-69,9.06748967198987e-69
"2738",491.099315045868,1.82712388102913,0.103822190308771,17.5985873115873,2.52545332950956e-69,1.19182277001461e-68
"530",1855.2567257785,1.16691565256042,0.0663236446416602,17.5942630846834,2.72578293009974e-69,1.28433740580448e-68
"1573",11294.7839630994,1.08054863385032,0.0615864455688579,17.5452345701976,6.46851849371029e-69,3.04305146748132e-68
"1860",1366.17672940695,-1.49337127623846,0.0851396321842148,-17.5402598992592,7.06037563959479e-69,3.31627063008911e-68
"2124",174.624038927548,3.43480080816907,0.19605666812067,17.5194286483284,1.01843024689466e-68,4.7760866750922e-68
"2098",199.782226566145,3.31911095836031,0.189519021523107,17.5133394615781,1.13345263102339e-68,5.30718352429106e-68
"1178",7694.30829835219,1.14416146063791,0.0654031792688509,17.4939731283497,1.5925704557478e-68,7.44526688062097e-68
"1815",468.855986892442,1.843401133243,0.105514809790526,17.4705440582475,2.40193327643668e-68,1.12115200672364e-67
"1373",7589.62034253227,-1.56030419854998,0.0894013862042383,-17.452796481091,3.27784468721228e-68,1.52761858319924e-67
"2515",797.21625582117,-1.48622304248045,0.0853879497752374,-17.4055361019039,7.49015215183396e-68,3.4853087462344e-67
"1745",1289.99960549315,-1.24288049610759,0.071437440245061,-17.3981667294346,8.51858771847964e-68,3.95770410771601e-67
"1614",2117.54190877186,1.24299034801797,0.0714462300999791,17.3975638221719,8.60870839076858e-68,3.99337294653947e-67
"2179",2468.79173580808,1.13942437796857,0.0655584993115376,17.3802693767281,1.16405426311499e-67,5.39140921863786e-67
"611",205.385022089638,2.93837950301168,0.169168124652019,17.3695813502453,1.40245428135351e-67,6.48553819135968e-67
"1345",13647.744838301,0.936632538678173,0.0539682520030102,17.3552506133778,1.80013196444681e-67,8.3117204284334e-67
"881",9581.16708378673,-0.926818528014327,0.0534463662720765,-17.3410952448333,2.30306393045316e-67,1.06175150692078e-66
"2681",442.759061206277,-1.88251117075433,0.108565905992085,-17.3398006819155,2.35552315238559e-67,1.08426542645195e-66
"2519",760.31314132718,-1.54208685020535,0.0889489109123549,-17.3367704493294,2.48301988113648e-67,1.14119746303539e-66
"102",782.506393774903,-1.88174538020776,0.108579139248096,-17.3306345329197,2.76263609984998e-67,1.26776184213974e-66
"2867",489.295621367953,2.13229525069641,0.123133213970683,17.31697875769,3.50271520642719e-67,1.60491943302146e-66
"1537",4246.54877774292,1.01319959806754,0.0586320779161347,17.2806360285709,6.58182051763167e-67,3.01113256708776e-66
"1705",200.476786794104,-3.00968235043362,0.174204174800805,-17.2767521437134,7.04024617409616e-67,3.21594145845736e-66
"2527",776.149970667372,-1.5190276187418,0.0879755173582475,-17.2664812251814,8.41174761150936e-67,3.83657756915183e-66
"2520",1466.81820589393,-1.22616879010132,0.0710185669059026,-17.2654679406014,8.56070801972346e-67,3.89857509817543e-66
"1968",333.455628405469,-2.20934417645332,0.128349645073285,-17.2134809970984,2.10395942402973e-66,9.5669401165607e-66
"507",863.082394218374,-1.5343953266285,0.0891653464490512,-17.2084266784658,2.29584822637133e-66,1.04236386848301e-65
"1471",5137.46635112364,1.10960587868219,0.0644920510322441,17.2053122969746,2.4226716590163e-66,1.09827781875406e-65
"608",946.380891112745,1.61736138906569,0.0940972743292138,17.18818531775,3.25563910052194e-66,1.47365691206681e-65
"162",5977.44073650811,1.03057483796906,0.0600147587196796,17.1720233481689,4.30160148936985e-66,1.94416792389646e-65
"2023",820.11095249154,-1.69807100143869,0.0989279952409165,-17.1647165931486,4.87858500686156e-66,2.20161784925035e-65
"3090",450.518540869546,1.85919353123166,0.10842157534413,17.1478188296987,6.52562102229987e-66,2.94046055703633e-65
"2593",543.929326964688,1.7537436835694,0.102275716005613,17.147214921215,6.59377906264526e-66,2.96670480532851e-65
"2199",2292.87194236233,-1.13266338098055,0.0660924437386296,-17.1375624339115,7.78464057921653e-66,3.49724393588827e-65
"1364",738.04904500112,-2.1576562697633,0.125931114767414,-17.133623201449,8.33015501706857e-66,3.73670521905085e-65
"1550",1141.4590720727,1.39090735371889,0.0812009110875118,17.1292087131865,8.98686850715895e-66,4.02525607386521e-65
"2525",912.583839676921,-1.51965046085501,0.0887287776746928,-17.1269175647446,9.34779289379354e-66,4.18065715070707e-65
"549",689.694447635601,1.53917297224833,0.0899058066870355,17.1198394071056,1.0556616535387e-65,4.714238309534e-65
"2868",653.894516918954,1.56787099596597,0.0916170071371986,17.1133182032245,1.18077010895825e-65,5.26507327273185e-65
"2807",193.443582956938,3.11049173873591,0.181873990163489,17.1024550346086,1.42282371776424e-65,6.33495321956934e-65
"915",195.694192357705,6.02580074750769,0.352594106348386,17.0899077409813,1.76452798501571e-65,7.84467716369541e-65
"325",2824.66886412878,3.37775949850126,0.19783807472783,17.0733540707375,2.34341547460245e-65,1.0402817655802e-64
"1472",2611.42283675577,1.10844782653767,0.064960896865509,17.0633085444084,2.78334771185981e-65,1.23374464501993e-64
"642",945.353287194055,-1.42644660892002,0.0839149814852343,-16.9987120734933,8.39439938145118e-65,3.71539096883165e-64
"240",9274.75145579172,0.983830615974314,0.0579344852383339,16.9817788477274,1.12038140549968e-64,4.95152313922459e-64
"1119",975.286851856085,-1.40875747936662,0.0829942278110259,-16.9741621378091,1.27561830639451e-64,5.62927724591795e-64
"1138",845.724527382614,-1.495757859238,0.0881202261771071,-16.974058330624,1.27787573304838e-64,5.63093401072277e-64
"941",159.359258022104,3.51873162717643,0.207399355710303,16.9659718330631,1.46653190459753e-64,6.45274038022915e-64
"1026",3475.86037145126,-1.28022513219839,0.0755597093907286,-16.9432246698857,2.15955429031912e-64,9.48808581003644e-64
"137",15835.6419974831,-0.957595110184402,0.0567035271921642,-16.8877520959001,5.53728551108714e-64,2.42926074034791e-63
"628",851.107023639959,1.39412894700679,0.0826685456564027,16.8640797529116,8.26797748100382e-64,3.62193098435775e-63
"234",1601.17278718372,1.36287102280203,0.0812139044210724,16.7812523300925,3.34702627626073e-63,1.4640793302006e-62
"1694",249.98283819736,-2.46289788022341,0.146830179744563,-16.7737850931468,3.79542330280705e-63,1.65779657255455e-62
"440",6254.03723931507,1.62125771622708,0.0966997367736375,16.7658958578373,4.33431819487108e-63,1.89041983076593e-62
"892",3597.01569514317,-1.11302513591349,0.0664924001684978,-16.7391330902928,6.79708823681018e-63,2.96024570662825e-62
"1197",2213.51980296533,-1.07539802538899,0.0642542673325517,-16.7366008520991,7.09243563640131e-63,3.08438480001638e-62
"183",3816.48828841297,1.09290509773838,0.0656281274777796,16.6529983368552,2.87813743081989e-62,1.24983848955197e-61
"1081",1108.98146560619,1.28746441543316,0.0773781653432298,16.6386009505692,3.66071381502091e-62,1.58737039631052e-61
"2304",1494.19118699719,1.38004248910431,0.0829743581299341,16.6321562493225,4.0765574247974e-62,1.76513166642457e-61
"917",183.824538167638,6.01249041238365,0.361777045884156,16.6193253021058,5.04977219556465e-62,2.18336971230194e-61
"870",991.154080083649,-1.32068584712569,0.0795744228687768,-16.5968636593643,7.34287926206539e-62,3.17025898298696e-61
"2047",14996.6986328518,1.00385699469276,0.0604872029002785,16.5961880622543,7.42597520975406e-62,3.20151553711587e-61
"1505",1086.0728229337,-1.4374691916277,0.0870397279727222,-16.5150928789459,2.85720783523132e-61,1.23003825079311e-60
"945",149.638639548477,3.73667993187965,0.226728211566437,16.4808777260818,5.0348558130342e-61,2.16440928054574e-60
"1204",4590.11533984873,1.02005166887996,0.0620025595943397,16.4517670811301,8.14565973879815e-61,3.49667344884994e-60
"1744",2254.62885101985,1.46135431389368,0.0889323960925724,16.4321931950705,1.12514894731017e-60,4.82298803775361e-60
"1665",931.474803182596,-1.48895035836343,0.0906637199265402,-16.4227803532641,1.31404948904798e-60,5.62465818488064e-60
"2562",6202.61080545281,-1.138047987775,0.069300282485725,-16.4219819451591,1.33145670197301e-60,5.69102636043319e-60
"1570",9170.210928538,-0.894797164392609,0.0546708464587919,-16.3669893984001,3.29095552109005e-60,1.40264087166687e-59
"2210",4504.13496219924,-1.00406796823667,0.0613469888259432,-16.3670293758911,3.28879493959727e-60,1.40264087166687e-59
"2967",499.927097020304,1.95124777471531,0.119346565041187,16.3494255074868,4.3910024606808e-60,1.86883063475917e-59
"627",485.196267827744,1.67014973480011,0.102219521673237,16.3388529652785,5.22261779559441e-60,2.21961256312762e-59
"408",317.443420588281,-2.24822716569693,0.138318842412426,-16.2539472315231,2.09434963699969e-59,8.88836044525259e-59
"112",468.567278633333,-1.80429829310046,0.111194953771492,-16.2264404264993,3.27933302782962e-59,1.38976833134082e-58
"357",420.216642913253,1.85246610689177,0.114175457205163,16.2247312359175,3.3719028495674e-59,1.42697783959062e-58
"543",991.429133166673,-1.62926798723204,0.100429248490201,-16.2230427064383,3.465909363481e-59,1.4646893807253e-58
"1693",415.949853402407,1.87871802984359,0.115870266467498,16.2139786773562,4.01699773700245e-59,1.6951843764614e-58
"1118",1938.78430187225,-1.13590837546796,0.0701135125675863,-16.2009908485614,4.96210570853842e-59,2.09107327886577e-58
"2890",427.610456833958,1.73095133700416,0.106923503142075,16.1886889798603,6.06061278360855e-59,2.55040132891094e-58
"211",2231.9056649818,-1.2068620068898,0.0747340361579711,-16.1487599082534,1.15867714565964e-58,4.86904778063714e-58
"2322",3030.18779559399,-0.986025805457436,0.0611430477513951,-16.1265400028238,1.66067233325936e-58,6.9687680520505e-58
"865",699.145356787986,-1.51884828372465,0.0941866448492442,-16.125941062618,1.67685171248639e-58,7.02680717613346e-58
"2526",416.816856504915,-1.83455362495238,0.114180307854143,-16.0671630636684,4.3347550797964e-58,1.81392827954557e-57
"174",144.704058858103,3.31396817671476,0.206809789850477,16.0242326009361,8.65527936411617e-58,3.61684299684855e-57
"439",770.015423966009,1.75280507996709,0.109390098207876,16.0234345583656,8.76710448130857e-58,3.65846256737451e-57
"1763",6533.62501528672,-0.868012240976595,0.0542915634553985,-15.9879765055888,1.54983894786696e-57,6.45838179946791e-57
"2869",922.417722142307,1.33719937252131,0.0836564746901149,15.9844097838767,1.64113934449317e-57,6.82933090225809e-57
"368",718.166452336583,1.75496389014881,0.109878865610021,15.9718056826094,2.00885153767387e-57,8.34789416766695e-57
"2288",795.661086114141,1.36599643624354,0.0855482238294956,15.9675604600054,2.15033109764045e-57,8.92342669090186e-57
"1388",829.440738245728,-1.36689158241552,0.0856188691646787,-15.9648404113637,2.24615467945369e-57,9.30816454421805e-57
"854",1991.61161211064,-1.18238186128112,0.0742110593438554,-15.9326907840323,3.75830047325813e-57,1.55530221521277e-56
"2016",1585.26991402445,1.12836065495236,0.0708342224484097,15.9295975299816,3.94890605648727e-57,1.6319236078743e-56
"2762",4410.93044227001,-1.11908913092713,0.0702926395795259,-15.9204311805796,4.57215195223281e-57,1.88687981256284e-56
"2763",2981.27410682213,-1.1249565887821,0.0706667919769483,-15.9191687822628,4.66533569978894e-57,1.92268380354938e-56
"600",2924.30151841437,1.04863851159394,0.0659068160829464,15.9109265766106,5.32199783504573e-57,2.19029126856352e-56
"647",8950.58392074133,-1.04841183775886,0.0659194038525064,-15.9044496231287,5.90196959064187e-57,2.42564464494512e-56
"367",1251.63823989472,1.42967614315744,0.0899503995462693,15.8940499471826,6.9676791521725e-57,2.85971138865571e-56
"51",616.936770644907,1.55692974380273,0.0979602611075356,15.893482991982,7.03099787302105e-57,2.88174597754507e-56
"246",5258.53072146461,0.991185467949286,0.0624841199078133,15.8629979811133,1.14304627435786e-56,4.6785149834182e-56
"863",4453.09242811918,-1.13073155687288,0.0712975241831416,-15.8593383126232,1.21163709804286e-56,4.95248387615334e-56
"930",126.835022504524,4.0302702210216,0.254249831908038,15.8516141024602,1.37015902810416e-56,5.59279101239789e-56
"2598",1355.32769348266,1.16369246921052,0.0734326057080622,15.8470812521195,1.47263497483179e-56,6.00289352138516e-56
"2311",13830.9790125049,-0.887890320799247,0.0560354453870878,-15.8451550561574,1.51845995196435e-56,6.18126826704398e-56
"1405",5707.36302744741,-1.08400892273638,0.0685067897073818,-15.8233793667254,2.14655275419326e-56,8.72620358769867e-56
"786",6052.42219951927,0.945951739605009,0.059818473812581,15.81370568846,2.50300853836209e-56,1.01614674990222e-55
"727",1898.04212037281,1.36486981008235,0.0863354472731306,15.8089157257094,2.70075018808707e-56,1.09493828763638e-55
"470",622.264478764077,-1.52805614184848,0.0969462174696346,-15.7618954275044,5.69005172655633e-56,2.30373948117139e-55
"1592",2028.3352010083,-1.21947528739659,0.077436745022575,-15.7480184251169,7.08673522158954e-56,2.86533943013458e-55
"1037",428.283999499682,-1.77258839359323,0.112674430862466,-15.7319489437395,9.13552798672049e-56,3.6887314084032e-55
"721",3533.7380393218,-0.998188738399531,0.0635307129176506,-15.7119083441327,1.25348459653041e-55,5.05448236228972e-55
"522",318.811802407425,-2.25824136281595,0.14382851352052,-15.7009295830188,1.49041978455173e-55,6.0017981095273e-55
"379",573.169864499397,-1.57089027738425,0.100059750593979,-15.6995222160666,1.52385410473848e-55,6.12818747496979e-55
"2464",4760.55515255602,1.06288481446687,0.0677072194659933,15.698249357304,1.55473578774519e-55,6.24398587507865e-55
"1225",283.316184081224,-2.05937471626344,0.131197738421286,-15.6967242045791,1.59256045568695e-55,6.38732021905543e-55
"839",2537.62269374446,-0.991481846302754,0.0632546232384502,-15.6744565937129,2.26150835390537e-55,9.05814323277758e-55
"482",588.367698468718,-1.60864206383806,0.102641765844748,-15.6723927204374,2.33616476418871e-55,9.34465905675483e-55
"924",125.366024338505,3.8865280057647,0.248904994632093,15.6145038853454,5.79944643776684e-55,2.31668140744972e-54
"652",6726.67909876057,-1.07947171609776,0.0691712114751637,-15.6057945650606,6.6476918174843e-55,2.65198585572174e-54
"1843",535.612002337505,1.57857734565178,0.101508280694944,15.5512174459518,1.56109836566256e-54,6.21944914788599e-54
"1222",222.170716457767,-2.52761240204907,0.162561742423069,-15.548630104314,1.62545481052943e-54,6.46723509721284e-54
"1729",1339.70271822025,1.10880330330534,0.0713161443851094,15.5477180218517,1.64876589071727e-54,6.55127164014085e-54
"1509",5840.58632767848,-0.887636812254568,0.0571389265066735,-15.5347127872782,2.01975102137631e-54,8.01471492832615e-54
"1864",2947.39074037205,1.01123373648231,0.0652520888358466,15.4973389285093,3.61559750315304e-54,1.43283016283893e-53
"886",2784.4741132332,-0.955151400708825,0.0617676806376721,-15.4636112421271,6.1076289989997e-54,2.41719920172052e-53
"1251",547.758596524814,1.5508014169436,0.100309633501211,15.4601443830904,6.44539020403726e-54,2.54750429200521e-53
"191",131.954578356953,3.90225685377329,0.252977054165869,15.4253391345711,1.10572790908742e-53,4.36456187861418e-53
"2186",3771.46985134162,0.90045977306368,0.0585007949654858,15.3922655853639,1.84458872345489e-53,7.27142221419898e-53
"2046",8388.68360093714,0.869084670844198,0.0565350313242929,15.3724982632274,2.50327346308101e-53,9.85499237044523e-53
"30",349.691751008128,1.76143904004526,0.114694444668886,15.3576665821121,3.14699030977222e-53,1.23729237934803e-52
"161",3368.49894433402,0.925645427187634,0.0603330017614267,15.3422737169268,3.9897198595943e-53,1.56656716796669e-52
"2756",368.723037852931,-1.77174580286924,0.115530617119405,-15.3357252566053,4.41316098317032e-53,1.73056063717505e-52
"1027",3341.27444517509,-0.936142573051251,0.061061295029289,-15.3311942139815,4.73206085845059e-53,1.85318404299531e-52
"2481",6877.29625267215,0.873484710330988,0.0570443393051981,15.3123819290408,6.32061313583611e-53,2.47206202646034e-52
"919",147.145810850126,5.77215012811939,0.377210449774445,15.3022010168883,7.39140583007904e-53,2.88708697697082e-52
"2328",218.475098275539,2.39753252678483,0.156760645575392,15.2942246313458,8.35499383776423e-53,3.25921011246292e-52
"1221",1302.65935037456,1.099114842959,0.0719815380407032,15.2693992498116,1.22294517245077e-52,4.76439056767281e-52
"471",8339.62028509102,-0.916147969500681,0.0600055626918463,-15.2677173315662,1.25489477242439e-52,4.88250345785926e-52
"1286",628.829861197923,-1.43707255561381,0.0942330755277086,-15.2501926480288,1.64148103621121e-52,6.37832631213497e-52
"2075",1123.03781516973,-1.40798485359307,0.0923835638363673,-15.2406423299163,1.89993305717219e-52,7.37302166933749e-52
"1688",1412.60487141862,1.11985556209804,0.0735847158675512,15.2185891987912,2.66209972925866e-52,1.0317360608733e-51
"1389",835.943041571346,-1.4073244493187,0.0926933669004391,-15.182579901648,4.61276018599991e-52,1.7854305920455e-51
"1706",162.784069735125,-3.13556332620398,0.206729387218041,-15.1674774854184,5.80658587925106e-52,2.24461304272858e-51
"335",336.01536634457,-2.13999257634951,0.141134235757052,-15.1628169088135,6.23373583341731e-52,2.40662420820446e-51
"147",268.92758004378,2.05466405101031,0.135659621799264,15.1457303489361,8.08514239212049e-52,3.11736418005471e-51
"210",1460.06960852176,-1.17658112908207,0.0776962596896519,-15.1433432417696,8.38409126653852e-52,3.2284686061111e-51
"1158",1623.71105830994,-1.12828436125003,0.0745250536510025,-15.1396651994876,8.86639194579912e-52,3.40980009020964e-51
"1210",1478.54316563972,-1.14056372801193,0.0753784716610461,-15.1311601691886,1.00900744564484e-51,3.87541755759865e-51
"1139",3448.14240150157,-1.16026413381398,0.0767322645239882,-15.1209421618367,1.17844404974064e-51,4.52039050874872e-51
"3026",1000.49542799505,1.14733378052968,0.075919099166158,15.1125842262512,1.33788238598282e-51,5.12540857728629e-51
"2951",914.358361593384,1.4597780373542,0.0966368583442454,15.1058101677322,1.48272726193466e-51,5.67304343696738e-51
"2516",2259.45455923875,-1.04248933874212,0.0690741963361801,-15.0923122386887,1.81952499594731e-51,6.95276984402855e-51
"1830",6345.30484600762,0.873586269428695,0.0579298868979208,15.080061712671,2.1906411287489e-51,8.36020185869477e-51
"657",297.832150422863,-1.97990988988087,0.131417375436243,-15.0658151808961,2.71792407233549e-51,1.03592723878061e-50
"567",7313.36377342006,-1.06960280309632,0.0710373692710872,-15.0569033463864,3.11017600530347e-51,1.18392450481781e-50
"2339",225.85974666375,2.30921385397039,0.153465085721401,15.0471610080908,3.60370671961983e-51,1.37004961945394e-50
"939",131.138611230995,3.23394207706787,0.215082913856491,15.0357925652134,4.27896174745034e-51,1.62470222695069e-50
"843",13340.1395626627,1.02396431776963,0.068149035835946,15.0253676403375,5.00827046413562e-51,1.89920725331987e-50
"1569",1119.9485423027,1.11872335388559,0.0744925333111944,15.017926014304,5.60336446001847e-51,2.12218562840193e-50
"828",16382.5520694035,-1.079794692583,0.0721209476157384,-14.9719981264827,1.11907817628587e-50,4.23297332926338e-50
"2429",1828.31443332496,0.99772770049714,0.0668271832228483,14.9299679019842,2.1036734057487e-50,7.94721064393952e-50
"1407",46861.542277526,0.949435985892276,0.0636745925054246,14.9107508746348,2.80579428349639e-50,1.05863007518552e-49
"214",512.664418402522,-1.47265292528124,0.0989492512062463,-14.8829112633879,4.25570742097488e-50,1.60366204075023e-49
"1852",1320.94712033597,1.17116104695262,0.0787318032449351,14.8753235501177,4.76675095938976e-50,1.79397721641436e-49
"494",8488.92089620149,-1.23949151067619,0.0833706108436981,-14.8672475604139,5.37792997385121e-50,2.02145307559835e-49
"159",14261.2211383194,-0.834890571920556,0.0562801276881468,-14.8345536198276,8.75845879104817e-50,3.28799356371595e-49
"871",660.335535409265,-1.40952408228809,0.0952540336069638,-14.7975264554575,1.51969198010509e-49,5.69789273743662e-49
"458",9047.30304790046,-0.79397254408976,0.0536635374616432,-14.7953821467186,1.56890741290411e-49,5.87505754619411e-49
"1668",1031.46928381811,-1.20547870397671,0.0815908305217774,-14.7746835798535,2.13356842682502e-49,7.97954591632556e-49
"1185",1204.22093849337,1.39103707963112,0.0941711303072863,14.7713749966904,2.24094050445995e-49,8.370654168969e-49
"1606",591.00270814718,1.60955757664348,0.109080855437601,14.755637643163,2.83003920003213e-49,1.05579517287982e-48
"659",1520.37373141953,-1.03344981476089,0.0700733769777415,-14.7481091868764,3.16405727028222e-49,1.17893640755721e-48
"2302",1321.4313443394,-1.14436548128683,0.0776717059126722,-14.7333635567816,3.93616904166858e-49,1.46480320555627e-48
"884",2925.81404411242,-0.909575781768235,0.0619105459159664,-14.6917745322879,7.27825077867638e-49,2.70515855028568e-48
"651",3895.4640219105,-1.09018441749936,0.0742404963234452,-14.6844979692718,8.10321275275356e-49,3.00804126007924e-48
"2216",4320.40197858464,0.857388237873068,0.058393552911052,14.6829263699554,8.29326376547262e-49,3.07477635517894e-48
"1073",1905.12232533628,-1.01302294121381,0.0689982733196806,-14.6818593056714,8.42482466779207e-49,3.11968755025172e-48
"1342",5691.15523678219,-0.827335563858344,0.0563729465444475,-14.6761099884326,9.17025341077331e-49,3.39152017367537e-48
"1806",815.467076582035,-1.26219384652003,0.0862396077179332,-14.6358950361686,1.65779635029522e-48,6.12361318528802e-48
"1507",908.592929161625,-1.2198302689086,0.0833972866364163,-14.6267380883343,1.89664693111827e-48,6.99724737103064e-48
"2097",113.865169960749,3.93162948814911,0.269036236999238,14.6137543849167,2.29513677110177e-48,8.45695716642425e-48
"2976",594.418628861291,1.7650398743268,0.120911893827578,14.5977357433816,2.90328634594333e-48,1.06846651255381e-47
"2470",2677.62994828109,0.933093928475606,0.0640461030975225,14.5690976241723,4.41686709348404e-48,1.62349709382116e-47
"503",706.182115676498,-1.35420087714513,0.0931070786742165,-14.5445533940926,6.32422352321932e-48,2.32172721245058e-47
"2710",181.572423736929,2.33132523489081,0.160377498820601,14.5364858040257,7.1152752878338e-48,2.60893427220573e-47
"2080",2959.93668890135,0.92857226553025,0.0639982627481104,14.5093354984494,1.05739935130661e-47,3.87238538446679e-47
"2909",457.556777026972,-1.48926750616728,0.102665900907479,-14.5059605283099,1.11071705715293e-47,4.06267168093102e-47
"1731",122.108596070494,-3.41438659360937,0.235550876324952,-14.4953253703844,1.29686400050741e-47,4.73774980405148e-47
"1278",1795.55187904815,-1.00932274621098,0.0696774876937735,-14.4856363169531,1.493332968184e-47,5.44884419610551e-47
"1866",7976.02296445872,0.903615141956956,0.0624198806807348,14.4763996999412,1.70812799379968e-47,6.22084125527736e-47
"2626",592.345806121952,1.38326604190665,0.0955534307555321,14.4763618738678,1.70906801866243e-47,6.22084125527736e-47
"1031",4753.71520397927,-0.981586631671377,0.0678396630157058,-14.4692144394073,1.89625474702388e-47,6.89379611554734e-47
"2638",277.490134877292,-1.87035051599672,0.129350420871255,-14.4595626624077,2.18179701255003e-47,7.92225323003605e-47
"442",1419.21935999129,1.65161117058349,0.114284145066924,14.4517961753689,2.44232618716892e-47,8.85750297213261e-47
"2202",2697.98988640394,0.899660478170274,0.0623429483419766,14.4308298227294,3.31073703121646e-47,1.19924033866824e-46
"1808",201.160764390835,2.36998150729392,0.164354641614413,14.4199244025858,3.87767024940176e-47,1.40290077221403e-46
"173",128.138096342784,3.21066588516856,0.222769019381659,14.412533188324,4.31585667796737e-47,1.55954627783555e-46
"914",141.394227362172,6.10359156412571,0.424639752412179,14.3735755530519,7.5813886225397e-47,2.73625027245341e-46
"1372",23761.5898499135,-1.03005785979618,0.0716939721210021,-14.3674262887498,8.28534464221695e-47,2.98671700837507e-46
"1206",1851.09584783921,-1.16481955979445,0.0811828853474919,-14.3480926405683,1.09507716587702e-46,3.94280491011317e-46
"521",3264.31128627541,-0.95828784396111,0.0667904724601243,-14.3476727842168,1.10172580784829e-46,3.96197550130056e-46
"2042",6818.82393406671,0.789168718051891,0.0551186660923699,14.3176309225149,1.69813998954734e-46,6.09944159510882e-46
"2480",5628.83582900948,0.825125764909875,0.0576779874083692,14.3057308686563,2.01509605946382e-46,7.22921751788458e-46
"2859",380.959833505409,1.71027509490005,0.119562783029701,14.3044102149679,2.05371500422233e-46,7.35894047021941e-46
"1776",4133.60515981253,0.863742839324701,0.0604844699419473,14.2804068573919,2.89903967844003e-46,1.03755104281012e-45
"833",7442.64852987453,-0.816199283843659,0.0571900417779043,-14.2717028781574,3.28459012134886e-46,1.17413305174143e-45
"380",698.495515869508,-1.30610097640213,0.0915968887610792,-14.2592286055583,3.92772048484438e-46,1.40235557167714e-45
"445",1027.3203941487,1.7000511375992,0.119462806110635,14.2307986305359,5.9004061752265e-46,2.10417345366838e-45
"916",123.116433223191,5.69220265602559,0.400999066698207,14.195052130407,9.83133069524756e-46,3.50182636192627e-45
"644",1220.35247817056,-1.13239647341405,0.0798816463215119,-14.1759280831083,1.29124678335923e-45,4.59382922212939e-45
"258",726.064035185675,-1.24052965211402,0.087671090454244,-14.1498143308878,1.87251011043809e-45,6.65386015490588e-45
"1351",5045.68231812396,-0.789362540198697,0.0558118710691358,-14.1432731975764,2.05499237762558e-45,7.29363842687512e-45
"1147",5894.40032803692,-0.884729509078056,0.0626015841446523,-14.1327016107728,2.38804142368131e-45,8.46566343560958e-45
"184",1461.04750917658,1.06044647805441,0.0750775456082997,14.1246822796665,2.6760404108674e-45,9.4753998926808e-45
"1522",1350.89110675681,1.1393588897757,0.0806977133777353,14.1188497428981,2.9069747583127e-45,1.02809320057584e-44
"1962",2560.50881377971,0.896940758013906,0.0635722267005468,14.1090033268599,3.34268820373583e-45,1.1807937550859e-44
"2049",2344.545690428,0.878016660938044,0.0622785899410456,14.0982103443446,3.89523134420795e-45,1.3743552101262e-44
"1159",7539.69651314702,-0.808648822896912,0.0574258924290541,-14.0816065487523,4.92766806413743e-45,1.73658219645456e-44
"1607",852.499518109027,1.33313936578398,0.0948910417644872,14.0491593410128,7.79538897076682e-45,2.74397691770992e-44
"2625",1394.24299144662,1.02481372245384,0.0729747758115086,14.0433966539466,8.45605635452034e-45,2.97303414955639e-44
"2039",9738.79312638492,0.748506245257391,0.053396520938272,14.0178841637021,1.21173681770185e-44,4.25530112507505e-44
"2074",3891.93845522445,-0.830933314403803,0.0593092869613447,-14.0101720485254,1.35077346186677e-44,4.73800023201098e-44
"378",405.720741806987,-1.57626254838509,0.112539680102884,-14.0062824680509,1.42680602020479e-44,4.99883326985096e-44
"546",570.030106067321,-1.36429612413083,0.0977135481298204,-13.9622002295757,2.65120934845675e-44,9.27768230477497e-44
"797",965.533802652239,-1.12741515664366,0.0807900593627948,-13.9548747152283,2.93817579783916e-44,1.02698854989892e-43
"1663",287.673474226979,-1.78464736958447,0.12793002615012,-13.9501837316148,3.13795978730099e-44,1.09553975304604e-43
"1377",3037.18549717087,-0.849765258056612,0.0609147243068188,-13.9500796847814,3.14254094312002e-44,1.09586043144698e-43
"972",748.415854987959,1.28652965585271,0.0922721971349506,13.9427660313662,3.48180259024399e-44,1.2127535913865e-43
"396",119.859834284213,-3.28133924760445,0.235413592180377,-13.9386142372367,3.69035939512406e-44,1.28390178025711e-43
"2498",559.83289603081,1.34912381002894,0.0969153240645314,13.9206448830592,4.7460245967051e-44,1.64925732791425e-43
"1863",5725.25044876132,0.882986402829884,0.0635403333150026,13.896471056462,6.65421801810112e-44,2.30967753018081e-43
"845",648.152500558864,-1.24362694846583,0.0898364570771216,-13.8432323460643,1.39777042376445e-43,4.84603604623782e-43
"1664",228.617698385783,-1.9537936670028,0.14128276107884,-13.8289601086755,1.70466989014302e-43,5.90320869364341e-43
"970",2408.47004080575,1.07897489975689,0.0781374039772733,13.8086862992111,2.25913908605812e-43,7.81427068842301e-43
"1867",1305.05889406235,1.05562420617323,0.0765808180174807,13.7844467257097,3.16181309814843e-43,1.09239547224712e-42
"799",781.461947652412,1.22868898110517,0.0892271784239227,13.7703444489482,3.84376111140224e-43,1.32647442275842e-42
"48",193.022885591825,2.24929733730804,0.163354103749041,13.769457183418,3.8912586839359e-43,1.34131866155947e-42
"1713",3185.49907924572,0.85204995438769,0.0620610608146467,13.7292199521443,6.78601790301651e-43,2.33645173369682e-42
"2050",3539.70718016496,0.853688407567608,0.0623400122362082,13.694068655825,1.10163817388238e-42,3.78862231753572e-42
"421",487.671537210732,-1.77861916154619,0.129932127180171,-13.6888327786695,1.18395854015885e-42,4.06705390603362e-42
"1489",3660.16687546134,0.971514299753864,0.0711310634531205,13.6580876566558,1.80666176559298e-42,6.19900459019975e-42
"605",594.331631116566,1.26777163878058,0.0928302730018922,13.656877199475,1.8369384785184e-42,6.2956700203059e-42
"2596",577.482980627253,-1.32174786314948,0.09679039724246,-13.6557747545813,1.86495243117849e-42,6.38436804815338e-42
"204",973.813346133812,-1.13987963733607,0.0835134532427657,-13.6490540514777,2.04516096280338e-42,6.99328182938025e-42
"769",1114.11104720735,-1.03733756530724,0.0760422206768064,-13.6416001015557,2.26534854342355e-42,7.73735484237815e-42
"366",3116.90556826718,1.13513652278917,0.0832717494697788,13.6317121955164,2.59421536030466e-42,8.85050439912375e-42
"1789",2564.28182092134,0.913330244166179,0.0670458796325049,13.6224664240721,2.94452768232541e-42,1.00341991179016e-41
"2759",1086.5863316562,-1.06545563596398,0.0782311316047554,-13.6193304904108,3.07372589020575e-42,1.04625572963545e-41
"2433",1244.65709255586,1.1401941621105,0.0837309246652686,13.617360212713,3.15776832337943e-42,1.07364122994901e-41
"437",888.63210788301,1.31582373282822,0.0968340004382837,13.5884475171182,4.6892153900415e-42,1.59252354676551e-41
"974",2766.85879233074,-0.902315994076041,0.0664354411022986,-13.5818469645838,5.13158967644902e-42,1.74078416235096e-41
"2876",279.286086975028,1.80725624113418,0.133115676950312,13.5765845356349,5.51382508196513e-42,1.86833121690144e-41
"178",4176.51521115605,1.08532751922342,0.0800572930938488,13.5568850417054,7.21349139321712e-42,2.44148939462733e-41
"2921",125.679608570783,2.7582725624715,0.203563539863253,13.549934159744,7.93012375281004e-42,2.68100906987657e-41
"2289",817.979236469777,1.11562530951048,0.0823944160319321,13.5400596695548,9.07152018001676e-42,3.06342983957225e-41
"16",5808.56781815986,0.795141934963536,0.058807171924479,13.521172825394,1.17290832761498e-41,3.95641681648704e-41
"2019",887.555787139868,1.12229910358375,0.0830251883046807,13.5175737207028,1.23171491250687e-41,4.15010249799612e-41
"2305",1246.80518826624,0.987740829444841,0.073140378596237,13.5047267788638,1.46656817224846e-41,4.93585148635251e-41
"176",1953.66068760233,0.950878270188704,0.0704149869420387,13.5039188599354,1.48274437871359e-41,4.9843285894608e-41
"1558",319.657325026767,1.71004721114797,0.12663412988874,13.50384144188,1.48430373436149e-41,4.9843285894608e-41
"1798",219.386926327132,-2.26870323892781,0.168124921246145,-13.4941519800404,1.69291844651077e-41,5.67848878022446e-41
"1241",279.86542739832,-2.06106157290121,0.152911676766488,-13.4787716444223,2.08549963395154e-41,6.98747469740539e-41
"1695",350.20272829786,1.5307839715035,0.113690106780259,13.4645310384149,2.52918894695893e-41,8.46457866812206e-41
"2860",433.2256818279,1.42748241119508,0.106051545713917,13.4602697356797,2.67936325223016e-41,8.95715625773478e-41
"667",7442.53440018569,-0.731593962373152,0.0544513168773387,-13.435744153281,3.73296743999638e-41,1.24654448442736e-40
"229",1011.54026726541,-1.05802520747017,0.0788943792572009,-13.4106538061594,5.23750470530282e-41,1.7470026843106e-40
"523",705.518498543039,1.15580786035415,0.0862822654424698,13.3956596344217,6.41039569794269e-41,2.13584676261075e-40
"1171",4981.48530937437,0.82266229691796,0.0614207303042844,13.3938866054247,6.56532001875832e-41,2.18503197954671e-40
"1689",1510.772955767,0.933222394083853,0.0696886640405133,13.3913084277427,6.79726392577811e-41,2.25971262954757e-40
"866",547.39004764593,-1.36522050649508,0.102009536657104,-13.3832634794151,7.57470649522203e-41,2.51537423237562e-40
"11",11327.836443051,0.700350669812475,0.0523355722312452,13.3819243767503,7.71243720236779e-41,2.55827185249273e-40
"637",990.483916157058,1.02108660466951,0.0763647953421079,13.3711692684453,8.91286499724009e-41,2.95318849077988e-40
"711",1822.69201615079,0.9342659402294,0.0699522390038224,13.3557689294027,1.09620307842757e-40,3.62814116222929e-40
"1179",13769.9805304946,0.893559165985814,0.0671041992241399,13.3159947710749,1.86866785017092e-40,6.17796045050984e-40
"1692",921.528751482445,1.15740367005546,0.0869427078502845,13.3122569870784,1.96456094098276e-40,6.48782156227419e-40
"435",1626.25959350309,1.30675786815143,0.0981803753209831,13.3097664770502,2.03115589136069e-40,6.70035107712368e-40
"515",4445.70936226176,0.78625553395604,0.0590891073922759,13.3062685942489,2.12849439675492e-40,7.0137172192629e-40
"1349",3767.60648482352,-0.854373300262003,0.0642815416515366,-13.2911140322905,2.60668091315197e-40,8.57996621798756e-40
"390",2785.22777700445,1.02272302724672,0.0769540375635568,13.2900502641209,2.64400546030756e-40,8.6932575134508e-40
"971",316.941390247158,1.56537262641204,0.117863368256661,13.2812480210413,2.9739580284819e-40,9.76737916708873e-40
"1273",633.891168692724,-1.24601818013411,0.0939099023890286,-13.2682299569686,3.53840116014145e-40,1.16084388937974e-39
"282",503.173004151961,1.31161699807036,0.0989884839423821,13.2501978597208,4.50015269680746e-40,1.47474883558028e-39
"340",77831.7171098819,0.700211909598546,0.0529020347152972,13.2360109278759,5.43603391645889e-40,1.77949819234628e-39
"1832",1316.73723127269,-1.23292990425423,0.0932766681616929,-13.2179882552942,6.9087107054012e-40,2.25911064814868e-39
"1788",2940.82624565075,0.925640686139998,0.0700436240161651,13.2152026560815,7.16929693106865e-40,2.34176161765911e-39
"918",118.35058060739,6.08957760933897,0.460926472296135,13.2116030980025,7.52055084717578e-40,2.45381549997273e-39
"2452",361.318327673721,-1.63093391748356,0.123514235456912,-13.2044206196176,8.2733820554725e-40,2.69650970696881e-39
"1587",692.838494769938,1.37977946497545,0.104821620223793,13.1631190400381,1.43056077130802e-39,4.65749491594515e-39
"1240",323.859923151731,-1.83538503090156,0.139434817023245,-13.1630325200311,1.43220022936784e-39,4.65776422420497e-39
"284",136.090294108099,-2.62419520193435,0.199430654591931,-13.1584344809172,1.52206947296919e-39,4.94466000339175e-39
"2326",2192.61667518908,0.885180880109369,0.0672773904397452,13.1571821428204,1.54750357868178e-39,5.02183373906278e-39
"2788",1531.94939940602,0.981822389002535,0.0747069107414441,13.1423235047232,1.88353005567098e-39,6.10565755857807e-39
"1052",36874.0749004673,0.684984875785001,0.0522792196140435,13.1024311541367,3.18877198153731e-39,1.03255473687875e-38
"625",3478.98924448489,0.863008941385479,0.0659246549577504,13.0908374406899,3.71489241911244e-39,1.20161709383616e-38
"2063",3706.12657271383,-0.785343951186217,0.0600397973175802,-13.0803897793349,4.26248840710779e-39,1.37725327365729e-38
"1080",5221.37721507235,0.86907710576933,0.0664619148122377,13.0763175906768,4.49703583435803e-39,1.45147046563098e-38
"26",1684.29085140958,-0.870725661479766,0.0666781075029329,-13.0586438950966,5.67293290617498e-39,1.82903181630124e-38
"2084",102.049453687153,5.5181616663441,0.422834527111148,13.0504046205611,6.321079530891e-39,2.0358094678607e-38
"188",3374.56426639212,-0.802500149610148,0.0615101389781635,-13.04663203403,6.64192937175593e-39,2.13684437422513e-38
"2423",49911.381829424,-0.682103125497597,0.0522823390405718,-13.0465303965891,6.65079377254907e-39,2.13739795568924e-38
"1106",891.682256735392,-1.12064973258339,0.0859014190865816,-13.0457650700027,6.71792124852188e-39,2.15665454673578e-38
"350",226.771542807989,-1.93117738740775,0.148089816667275,-13.0405819310769,7.19061132305287e-39,2.30592808987934e-38
"2388",912.579066422768,-1.14393383958495,0.0877907578869917,-13.0302308251795,8.23581278460872e-39,2.63828178282112e-38
"1207",2913.22971596172,-1.07827336010907,0.0831499635906638,-12.9678151805004,1.86264164338271e-38,5.96045325882467e-38
"922",129.407779042456,6.51311360975422,0.502928789629777,12.9503694042823,2.33826169263987e-38,7.47444335937874e-38
"827",77631.2705381865,-0.624027896129021,0.0482514427177714,-12.9328339419618,2.93786758437946e-38,9.38110972514764e-38
"2471",3951.13483002618,0.973986856937729,0.0753601712188115,12.9244246819678,3.27738906768868e-38,1.04541024419238e-37
"1657",1637.90339036793,0.893082532693151,0.0692794059852034,12.8910246846501,5.056742439597e-38,1.61126447063623e-37
"2182",312.108579482245,-1.61339270175805,0.125194549750322,-12.8870841819845,5.32181277731763e-38,1.69392168401429e-37
"1719",507.657215690407,-1.3914532860427,0.107989531821179,-12.8850756418393,5.46219239938965e-38,1.73675660562952e-37
"2015",945.728959460007,-1.01418463777831,0.0788418731072382,-12.8635279428084,7.22044015496912e-38,2.29337122544242e-37
"1038",7414.67616663867,-0.838568563876724,0.065325605874546,-12.8367514185348,1.02068313791095e-37,3.23847714594862e-37
"1736",1607.39439766272,0.906810918689891,0.0706720746190138,12.8312480364899,1.09584560477519e-37,3.47327335750782e-37
"1752",567.913314567559,-1.62362948093254,0.126592165990442,-12.8256710692124,1.17762513212346e-37,3.7285231696438e-37
"1796",750.703757351964,1.14284804276274,0.0891104803431525,12.8250688175149,1.18681151851405e-37,3.75363643064907e-37
"2329",576.210560868625,1.18054586391583,0.0921154869119919,12.8159325157098,1.33523391237047e-37,4.21860598290649e-37
"645",4527.70282937064,-0.95073987929448,0.0742734996982587,-12.8005262059406,1.62844024082966e-37,5.13954978962271e-37
"2001",255.18125143654,-1.95849011534036,0.153314681330006,-12.7743155342361,2.2814584895497e-37,7.19296501657819e-37
"1041",572.344748200128,-1.20120172700776,0.0940543127379908,-12.7713625461702,2.36969536715886e-37,7.46329319846244e-37
"185",638.534292985606,-1.14704889019825,0.089843056551241,-12.7672514073922,2.49821362011633e-37,7.85978459662256e-37
"1473",2535.44575028737,0.911876443487419,0.0714909914057112,12.75512376535,2.91910792558329e-37,9.17433919469033e-37
"2027",3043.91294208388,0.865084364981741,0.0679328422653975,12.7344055707556,3.80734759192811e-37,1.19533934890335e-36
"1150",2244.15714223144,-0.858330993213866,0.0674215071441298,-12.7308188376593,3.98636417900916e-37,1.25023077815466e-36
"2592",331.72955355793,-1.66509459085099,0.131027555340001,-12.7079726591118,5.34009684913952e-37,1.67304395524874e-36
"2131",81.9187994735611,4.65973881763288,0.366718352519497,12.7065874549738,5.43551169800442e-37,1.70115596238799e-36
"2669",555.347803482789,-1.19289498256513,0.0939297035487342,-12.6998695566649,5.92283450666553e-37,1.85173676530233e-36
"479",7183.24999376794,0.786136915461772,0.0619180180101395,12.6964160146896,6.1900143445246e-37,1.93324873891624e-36
"2529",774.177304583992,-1.14941854236703,0.0909358312704315,-12.6398860197231,1.27238265326301e-36,3.96972773572777e-36
"1415",4928.24541024309,-0.761333120332523,0.0603237728799237,-12.6207808959161,1.62204804267408e-36,5.05538306633421e-36
"2110",104.858189155338,2.87752746357,0.228614440809611,12.5868140847952,2.49543345259176e-36,7.76934119683097e-36
"1955",886.168106367667,1.03931073412475,0.0826226510491048,12.5790049209031,2.75477965392508e-36,8.5678801710435e-36
"2965",1699.85639910692,0.872612871001987,0.0693955224132031,12.5744837801807,2.91699438551352e-36,9.06297736392156e-36
"418",5583.79483128984,0.751232954732501,0.0597555642240611,12.5717657340772,3.01904822860029e-36,9.37032396262664e-36
"2155",378.241791223296,1.38656159446774,0.110404043168944,12.5589747863308,3.54901488624548e-36,1.10037850151777e-35
"1902",825.480566423749,1.05388208647871,0.0840011576643661,12.5460424091961,4.1787887218978e-36,1.29429977804536e-35
"1160",487.628605535897,-1.24015370227262,0.0989345068513659,-12.5350976291392,4.79770267406007e-36,1.48445981393875e-35
"2214",7087.66080740737,0.774321624601432,0.0619831998605553,12.4924435386272,8.20929514437625e-36,2.53741849917084e-35
"2105",97.6026626270973,3.2458504782334,0.2600596229583,12.4811781287319,9.4576796768781e-36,2.92026600549218e-35
"649",1993.2256592742,-0.802173713255988,0.0643742693337204,-12.4610923208692,1.21692272742474e-35,3.75364206232456e-35
"1856",6220.2251069803,-0.890952029760903,0.0715361217789522,-12.4545755012266,1.3205223140615e-35,4.06900387607828e-35
"2835",613.036110432808,1.14126916142355,0.0917196242811622,12.4430204590137,1.52621426505218e-35,4.69797642081907e-35
"115",455.412265139178,-1.29300903087555,0.103930034113052,-12.441148912441,1.56240267205934e-35,4.80442836053601e-35
"1690",1484.4605692622,0.966477506024559,0.0776993455837831,12.4386827039928,1.61139457990669e-35,4.94999238509324e-35
"2832",546.263753551945,1.36651279221682,0.109864983256673,12.438110412526,1.62297977119404e-35,4.98046715426929e-35
"2966",446.058622775154,1.35684726171307,0.109089596394238,12.4379162318062,1.62692944673701e-35,4.98747223835773e-35
"1140",3235.71345014556,-0.982895475621305,0.0790390447248617,-12.4355687627907,1.67543983410181e-35,5.1309273118041e-35
"975",3876.55038830613,-0.728546730190367,0.058719903463515,-12.4071513612593,2.390057783171e-35,7.31191501763561e-35
"2517",1510.76862084977,-0.844760969597915,0.0682145299511436,-12.3838861046605,3.19489972929832e-35,9.76418793673195e-35
"2873",310.212937994762,1.58497263024139,0.128058027104669,12.3769877303037,3.48166541791503e-35,1.06297376840834e-34
"1834",2135.02083716566,-0.896416711982869,0.0724644438994784,-12.3704352610001,3.77768715411267e-35,1.15217532773752e-34
"506",3135.60208711562,-0.763035824233258,0.0617181001672582,-12.3632422606238,4.13150150564684e-35,1.25880371740278e-34
"529",924.810646718371,1.34701070292057,0.108961004052466,12.3623191125512,4.17923118959449e-35,1.27205083614107e-34
"1685",1885.8608150482,0.814432228488039,0.0659015203676083,12.358322295829,4.39228019119033e-35,1.33553885488226e-34
"1794",5052.0635743138,0.777222014350347,0.0629130118964141,12.3539152064447,4.63972531008567e-35,1.40934600281993e-34
"2125",102.251538775597,6.01122909265216,0.487057673763694,12.3419246148016,5.38529856051499e-35,1.63415956319076e-34
"2012",2572.74475261092,-0.803570918328701,0.0651103228169433,-12.3416822949554,5.40153299003497e-35,1.637425198195e-34
"2834",1043.20372875561,0.955318666907564,0.0775304625376328,12.3218491885542,6.90915835080512e-35,2.09232811595232e-34
"1953",955.015281829106,0.95582720455154,0.077585183538638,12.3197131327985,7.09462079241739e-35,2.14632006177076e-34
"35",2545.18318729835,0.858904989191458,0.06975608734107,12.3129754252395,7.7126424285954e-35,2.3309319339755e-34
"890",2594.21103933311,-0.847020866610022,0.068838313733286,-12.3044976071291,8.56678095278037e-35,2.58645899199989e-34
"2709",131.09585128044,2.37988376456516,0.193566206021316,12.2949341906463,9.64352712609439e-35,2.90861221383815e-34
"431",8211.67792964954,0.699605847632419,0.0570723208145915,12.258233722529,1.51772008848788e-34,4.57302971274496e-34
"780",16459.5530799839,-0.711456901678798,0.0581482314364689,-12.2352285547346,2.01536756573124e-34,6.06637802481677e-34
"334",219.447463930337,-1.73908213926579,0.142258838749321,-12.2247739019597,2.29218561723435e-34,6.89268278066851e-34
"690",10722.0197649972,0.654986943336911,0.0535828608531075,12.223814348631,2.31941064496582e-34,6.96754683708608e-34
"3027",1201.44380318957,-0.969384060188567,0.0793282154821985,-12.2199151247276,2.43338625919612e-34,7.30259948597272e-34
"2108",105.75328440457,2.65844737561698,0.218038986323413,12.1925322642702,3.40668382428419e-34,1.02132244511606e-33
"2969",2415.62363701548,0.790079470354592,0.0648152986486766,12.1897065480963,3.52689098330808e-34,1.05630208429007e-33
"722",1368.34604966556,-0.914014667710838,0.0749892201273322,-12.1886141255881,3.57448428370696e-34,1.06948569768512e-33
"872",1808.42370931302,-0.859112539826993,0.0704857150576949,-12.1884631392869,3.58111225511321e-34,1.07039838834153e-33
"954",75.6962450955845,4.26747718208446,0.350638437521206,12.1705914852144,4.45839992806942e-34,1.33129067712412e-33
"602",4999.32893009878,0.770552969384924,0.0633628879649996,12.1609508993744,5.01712557205466e-34,1.4966340689519e-33
"966",318.699517390024,1.42459138109214,0.117243039912328,12.15075438301,5.68387008106464e-34,1.69383857395871e-33
"1608",19752.3552761502,0.744837084284604,0.0613022308464348,12.1502443548989,5.71943986480327e-34,1.70274269407874e-33
"823",4097.11166310085,0.769873419453526,0.0633930840666371,12.144438636938,6.14025692753356e-34,1.8262076269563e-33
"883",14807.9098446109,-0.700222840857459,0.0577756554307706,-12.1196866679686,8.30761372642571e-34,2.46835951037395e-33
"2528",477.229134148341,-1.28557673636924,0.106145935457893,-12.1114080423665,9.19028354156839e-34,2.72790955916395e-33
"2680",156.960271225353,-2.56040333757815,0.211532063574829,-12.1040909558017,1.00476280761825e-33,2.97943540177779e-33
"1072",594.678161545888,-1.29052751084682,0.106869191162004,-12.0757675511036,1.41834567833494e-33,4.20167353423578e-33
"1887",1709.5423425501,0.989680324142292,0.0822037854878441,12.0393521815202,2.20681791308514e-33,6.53095865079204e-33
"2568",2646.82501427728,0.790867811237786,0.0656940665476834,12.0386490409106,2.22570641607033e-33,6.58034940403402e-33
"781",1597.42359101221,-0.928007107366118,0.0771257121795016,-12.0323959564391,2.40090586310869e-33,7.09132314158066e-33
"1903",260.230419579279,1.54220432402912,0.128412274142944,12.0097890511027,3.15649186778977e-33,9.31383004775839e-33
"1013",970.545485366475,-1.12081987745421,0.0933800737714169,-12.0027735274427,3.43586280502958e-33,1.01281788301956e-32
"1195",25507.7464090369,0.650377653670163,0.0541981998899637,11.9999862539826,3.55355435739157e-33,1.04647978713736e-32
"770",410.424960335933,1.25187165013762,0.104517699757509,11.9776043009182,4.65584198512121e-33,1.36974230280066e-32
"2024",1416.57507312791,-0.990313448675072,0.0826999045372902,-11.9747834561106,4.81693637202056e-33,1.41574397103001e-32
"1532",17888.9664046012,-1.08704315442226,0.0908615486178828,-11.9637313138235,5.50322877034938e-33,1.61586462030278e-32
"1591",3626.32853834494,-0.763923567812954,0.0638912372387459,-11.95662505264,5.99492482201516e-33,1.75851128112445e-32
"142",589.21944041725,-1.2988678437822,0.10863721242274,-11.9560122615068,6.03931462996637e-33,1.76979719616644e-32
"1751",217.057389538812,-1.79896386171104,0.150514295455462,-11.9521129622094,6.32952237149004e-33,1.85302651032272e-32
"170",254.701369722091,1.58277728891554,0.13271563264149,11.9260802771528,8.65539135993982e-33,2.53146930097165e-32
"1548",1007.37252230359,-0.918698926472265,0.0770443567925685,-11.9242857584721,8.84392519760058e-33,2.58408439367392e-32
"2138",306.45358411798,1.53361615466204,0.128783122387505,11.9085181833643,1.06859387170372e-32,3.11925157476831e-32
"2007",6265.2702660058,-0.688291974390633,0.0579966792106584,-11.8677824964872,1.74019180132206e-32,5.07471137383586e-32
"1369",13208.8244656906,-0.702216197612979,0.0591869305234872,-11.8643793723062,1.81241451573958e-32,5.2801793876269e-32
"2952",330.700721367533,1.42543048860743,0.12038643224746,11.8404579485949,2.41132691745325e-32,7.01818106714019e-32
"2025",787.59770483362,-1.07744781153467,0.091020804686874,-11.8373795446135,2.50147009801516e-32,7.27346796235311e-32
"1526",2226.96374176258,0.75131910210102,0.0635755206829024,11.8177420181645,3.16065733878493e-32,9.18124927926651e-32
"2057",778.612787268489,1.04052887755416,0.0880599215701994,11.8161458584161,3.22126764251255e-32,9.3482374261858e-32
"1354",3147.22023261734,-0.853041773525594,0.0722172491699684,-11.8121609910383,3.37766763285917e-32,9.79261778828937e-32
"852",2275.52324111503,0.765920158009502,0.0650396133627142,11.776210195748,5.17687517410091e-32,1.49943954703872e-31
"1023",790.694378628779,-1.41476386954045,0.120180213591629,-11.7720199295685,5.44059936233517e-32,1.57430109207997e-31
"1943",341.532692452068,-1.35045023146829,0.114870006833123,-11.7563345619902,6.551731628796e-32,1.89398850563842e-31
"2137",173.889862895416,1.91897089853952,0.163266072021459,11.7536416156769,6.76397560993833e-32,1.95345704873895e-31
"2971",475.820556114712,1.2965918656029,0.110392395189362,11.7453006013574,7.46565601966911e-32,2.15402534337994e-31
"2839",267.307761721284,1.51566073465165,0.129104387826294,11.7398080744624,7.96670352439173e-32,2.29637542822544e-31
"2017",1019.84080698563,-1.06385246311393,0.0907778639329135,-11.7192938567065,1.01514621376561e-31,2.92330844233561e-31
"2337",3855.16773007422,0.71618721603934,0.0612263314048647,11.6973726762018,1.31460868669909e-31,3.78202806788815e-31
"3019",489.216145501566,1.1602607407217,0.0992428302558622,11.6911290995065,1.41492901152578e-31,4.06673160661396e-31
"2660",943.718615454708,0.891026448357004,0.0762556482085328,11.6847272207346,1.52568586166456e-31,4.38085614021148e-31
"1795",6786.42950301838,-0.945746939810429,0.0809962952148137,-11.6764222030424,1.68228398494486e-31,4.82588080820233e-31
"2314",208.902971071869,-1.67652377058282,0.14363203257881,-11.6723528901042,1.76473890790154e-31,5.05756591230021e-31
"2061",1424.9032022897,0.923930488542706,0.079239061229714,11.6600382968222,2.03950639257123e-31,5.83942882925657e-31
"1274",438.473799312985,-1.25262982921797,0.107505722099637,-11.6517502952729,2.24793684765267e-31,6.43004497913652e-31
"940",72.8955029376403,3.50397243456614,0.300915194035275,11.6443852089283,2.45082614598313e-31,7.00369802175887e-31
"179",10259.5137175723,0.863900501399667,0.0742625146158962,11.6330628698472,2.79871870300235e-31,7.99023507574718e-31
"2099",69.18391688791,3.83635371148248,0.32985376864049,11.6304680322259,2.88511323563283e-31,8.22903603528449e-31
"601",2733.89096468428,0.817035158158099,0.0704125119439846,11.6035507838163,3.95328153201937e-31,1.12649698512399e-30
"2793",185.493958710718,-1.87716628515918,0.162067994757842,-11.582584753788,5.05000454634433e-31,1.43764163678994e-30
"262",1937.15793494344,0.789963976342983,0.0682658284256437,11.571880024915,5.72150340919921e-31,1.62725648292054e-30
"1188",2950.55208365232,-0.736386153223171,0.0638477167449965,-11.5334766968136,8.94566496238414e-31,2.54182616974866e-30
"2245",2002.15057255627,-0.745342869534489,0.0647299105189332,-11.5146593523635,1.11298487010143e-30,3.15944092157825e-30
"1022",1321.79299882523,-0.815686464643507,0.070859575770874,-11.5113088918433,1.15708748490441e-30,3.28152204249667e-30
"991",4996.55245660323,0.763178547442813,0.0663297458131438,11.5058265049402,1.23302428285504e-30,3.49356880142261e-30
"2783",700.942064983885,1.00153039426543,0.0877427668360225,11.4143926659747,3.54370609454069e-30,1.00310015467036e-29
"2740",254.370700269812,1.45069973543718,0.127337561313107,11.3925515808339,4.55453855989805e-30,1.2880131730827e-29
"1742",93.3138756478853,2.85329070566548,0.250772689374582,11.3779961956044,5.382218790495e-30,1.52064198500104e-29
"2978",531.466910920138,1.10747530445842,0.0974337815342903,11.3664407458994,6.14422598075844e-30,1.73429472966314e-29
"708",336.512524446841,-1.31654824140295,0.115999630420997,-11.3495899652853,7.4511296121558e-30,2.10120450514328e-29
"1986",1349.85607460441,-0.795879682098936,0.0701287369000719,-11.3488381122991,7.51547210892922e-30,2.11735334744974e-29
"337",158.563237405021,-2.07179743460734,0.183134662189156,-11.3129727045742,1.13188465289154e-29,3.18588794115849e-29
"1021",3296.37962249136,-0.790515041258533,0.0699217622750901,-11.3057082020966,1.22958102599343e-29,3.45761882497401e-29
"517",6108.85656561624,0.633900422541794,0.0561024166778373,11.2989860344503,1.32741779267329e-29,3.72923383631781e-29
"1224",254.482694185798,-1.57428797518058,0.139528098262683,-11.2829458351589,1.59319917151466e-29,4.47171850016122e-29
"1135",727.241227960406,-0.981604935038557,0.0872153879162877,-11.254951201739,2.18947260634979e-29,6.13955205079529e-29
"716",5986.12231659284,-0.74802809573262,0.066475566089128,-11.2526773330473,2.24667056907939e-29,6.29404339202766e-29
"1352",8188.3993108263,-0.658334832481816,0.0585423906835796,-11.2454381311502,2.43882732838567e-29,6.82597882743678e-29
"348",170.69430812388,-1.92015089650367,0.171121502470368,-11.220979647699,3.21686954258725e-29,8.99520903871125e-29
"2029",4903.8773985641,0.668180708668225,0.0596544957541211,11.2008441312165,4.03866727374918e-29,1.12826260346009e-28
"1643",1443.54238293796,1.06379571524244,0.0951622003304136,11.1787633277585,5.18068651389855e-29,1.44595280313288e-28
"1008",989.578583224673,0.936769166618362,0.0839031770798409,11.1648831334116,6.05708057136081e-29,1.68898276509893e-28
"58",1189.27850501202,0.922030406946391,0.0826439359150434,11.156661365865,6.64400199669514e-29,1.85091750224505e-28
"2067",21306.1266726687,-0.624868264033514,0.0560480768973665,-11.1487904424938,7.25863334232634e-29,2.02026334513864e-28
"630",2302.28283054908,0.750499306236487,0.0673339507472299,11.145927097815,7.49595230889675e-29,2.08437632976014e-28
"1187",10585.9398004974,-0.608969556322459,0.0546386796915642,-11.1453929663033,7.54106645418256e-29,2.09497407900782e-28
"2062",9626.12405441083,-0.754499464134534,0.0678100976087203,-11.1266535625441,9.30640354075201e-29,2.58300179906586e-28
"320",91.6714896874613,-2.76912422159969,0.24957027085907,-11.0955692441564,1.31818125589719e-28,3.65523477075477e-28
"1157",693.735278826482,-1.13103777885544,0.102105490920617,-11.0771494133923,1.61946735341979e-28,4.48652437169631e-28
"680",994.398436874775,0.968172322897501,0.0874980256083865,11.0650762250423,1.85305260319325e-28,5.12889305157651e-28
"1337",595.120995460067,-1.00697076914958,0.091077063675496,-11.056249823088,2.04468889757732e-28,5.65407502916021e-28
"1671",378.085808522059,-1.4860702168805,0.134422399221023,-11.0552275922188,2.06811626083651e-28,5.71357696437936e-28
"563",2541.14329873925,-0.687061555859295,0.0622101467158619,-11.0442040748975,2.33830621353451e-28,6.45407028680375e-28
"1338",4752.92303920032,-0.912436348131093,0.0826558652335193,-11.0389788498769,2.47833606952528e-28,6.83426868204576e-28
"1379",4023.5484590457,-0.893859356436966,0.0812432264019387,-11.0022631550196,3.72659881104921e-28,1.02670199287838e-27
"2183",690.257814635427,-1.02670168968171,0.0937877070089666,-10.9470816850608,6.86229811006783e-28,1.88886807224682e-27
"1165",3053.91576809681,0.661713007137477,0.0604943893909871,10.9384194765682,7.5504688938876e-28,2.07637894581909e-27
"946",64.4267605131384,3.34800291685271,0.306273172784357,10.9314272824345,8.15554396223301e-28,2.24071510881554e-27
"1341",163.899763658508,-1.8394040667823,0.168447150792089,-10.919769542749,9.2730798131522e-28,2.54541787164692e-27
"1816",145.979831086243,1.86875737723022,0.171165796434635,10.9178201261948,9.47423964524281e-28,2.59825160573478e-27
"1944",851.313274791885,-0.984841919441727,0.0903081336846864,-10.9053512597252,1.0867273990552e-27,2.97755345968237e-27
"2503",406.134178020342,-1.27866807969767,0.117293512803447,-10.9014390407113,1.13448666836328e-27,3.10556643343361e-27
"1170",1445.77729953633,0.765534383626872,0.070338949557453,10.8835060580707,1.38145115693946e-27,3.77815526651083e-27
"1370",29764.3025791917,-0.656971392511255,0.0604025532806362,-10.8765500269318,1.49099739836715e-27,4.07403124741052e-27
"2584",172.044430042558,-1.71682329708745,0.157868896761282,-10.8749939494637,1.51665854470907e-27,4.14036712205249e-27
"1024",432.253153637549,-1.13813016085099,0.104843375284084,-10.8555276646437,1.87719439161655e-27,5.1199321966424e-27
"492",1568.09713596242,-0.756089271168706,0.0697219769408926,-10.8443464219279,2.12146698712321e-27,5.78090093394594e-27
"2225",648.17469793882,-0.950109793654884,0.0878381063451871,-10.8166015091575,2.87231464270855e-27,7.81980474156868e-27
"205",443.821395017452,1.21036506025742,0.111960776486738,10.810616880643,3.06601288981752e-27,8.33955506030366e-27
"1933",1028.87766751813,-0.924876069036732,0.0857241211721806,-10.7889828019243,3.88060835598195e-27,1.05456677575822e-26
"2240",15691.4650713633,-0.582224964217462,0.054068061555494,-10.7683713354488,4.85513513132217e-27,1.31820002839528e-26
"2877",950.534991143526,-0.925730732485079,0.0859983400027546,-10.7645186227482,5.06254274054668e-27,1.37326635355536e-26
"2372",493.705821497574,1.16425169626657,0.108603734638279,10.7201810337765,8.18429863931154e-27,2.21806354427719e-26
"542",1011.23915327979,0.840204230222766,0.0785427436822578,10.6974138008444,1.04658510638923e-26,2.83383044191547e-26
"180",12044.0695199555,0.770446852606672,0.0721032636998904,10.6853256436968,1.19229881237866e-26,3.22545935500629e-26
"2461",17321.099976751,0.595383267709374,0.055813312895309,10.667405979397,1.44607113492443e-26,3.90844158599267e-26
"261",1268.2875593004,0.897989572889364,0.0842108666373241,10.6635830831286,1.50678130595804e-26,4.0688534904571e-26
"2843",192.402776854217,1.56558892914865,0.147012347677177,10.649370300422,1.75548501996757e-26,4.73616878245533e-26
"2524",1138.06442264664,-0.843114153880959,0.0792136125382608,-10.6435513652875,1.86868236465685e-26,5.0370248964444e-26
"3095",825009.398234116,-0.582097237996522,0.05469865561299,-10.6418929583031,1.90224870930856e-26,5.12288761318741e-26
"490",1449.5716430802,0.924880189003598,0.0873856984668496,10.5838850662098,3.53969597098892e-26,9.52407405143781e-26
"1406",2312.90959870829,-1.11299196446372,0.105312340524228,-10.5684856962006,4.17176218205437e-26,1.12146562881462e-25
"1549",412.095293647807,-1.1662997491466,0.110553789623172,-10.5496134788503,5.10064908276846e-26,1.36994093856762e-25
"504",1444.35396666163,-0.751421074719038,0.0713460387948791,-10.5320643922417,6.14713464835902e-26,1.64952707335338e-25
"1563",952.926788638157,0.927316918895041,0.0881042735880789,10.5252206406082,6.61063858716779e-26,1.77231457462419e-25
"1333",2141.929582586,0.822999446793658,0.0782850026237283,10.5128622240629,7.53706976054164e-26,2.01888207014688e-25
"242",2362.36635136276,0.763424872061479,0.0726688351404922,10.5055333635875,8.14609937586997e-26,2.18006523547433e-25
"1895",725.292679344013,0.886921922157446,0.0845455812733118,10.4904586236184,9.55633974656048e-26,2.55518932276219e-25
"2760",592.418929608189,-0.977503351821458,0.0933279208388765,-10.4738575876885,1.13904537062705e-25,3.04287834724654e-25
"1039",1555.87379999875,-0.75864595068708,0.0724933670843723,-10.4650395091198,1.2502437020731e-25,3.33695732078743e-25
"2523",2004.52123900563,-0.746764815864066,0.0714666507787294,-10.4491368733111,1.47864760479779e-25,3.94306027946078e-25
"931",57.2952369652104,4.892709034098,0.468699774051941,10.4388977869569,1.64711992003367e-25,4.38840854919034e-25
"129",739.791359522674,-0.956996781079804,0.0917081901977881,-10.4352378889589,1.71184436569701e-25,4.55679567808314e-25
"861",9134.12151093477,-0.61277143576343,0.0587858976816385,-10.4237829127312,1.93115864823311e-25,5.13602371156752e-25
"1910",498.732247971416,-1.00254879467518,0.0962876960431348,-10.4120135372858,2.1854945060444e-25,5.80728202671832e-25
"1055",388.798499273585,-1.26442101527883,0.121720775755081,-10.3878816696257,2.81536415890709e-25,7.47432969250222e-25
"2026",4015.63907185472,0.586282127917382,0.0565413539482473,10.3690854034732,3.42789808750968e-25,9.09243889878455e-25
"1901",730.680571979286,0.948464974339558,0.0916079752362316,10.3535196787586,4.03378032507696e-25,1.06900537932952e-24
"1686",765.34657451355,1.03322486153659,0.0998020128026793,10.3527457264755,4.06653072542953e-25,1.07673096729957e-24
"846",413.084340968831,1.08816587360617,0.105258768585046,10.3380068780395,4.74299308754529e-25,1.25473344986167e-24
"279",1605.4340187904,2.45539111648604,0.238149122823327,10.3103093027456,6.32972759311909e-25,1.67301633910003e-24
"1190",627.134160277173,-0.932024058640614,0.0904090446488245,-10.3089692216179,6.4186036826744e-25,1.69500990455091e-24
"1841",1460.76909540351,-0.767696307276823,0.0746239330678889,-10.2875347856352,8.02034686036409e-25,2.11612679067102e-24
"640",729.789903023454,0.927825629155829,0.0902239018614401,10.2835901575252,8.35559162812379e-25,2.20263701773977e-24
"257",338.621607019148,-1.16736696530579,0.113538267504512,-10.281704934941,8.52067936931617e-25,2.24417893248186e-24
"1416",2423.02775701439,-0.736574515135804,0.0716767138410977,-10.2763432593846,9.00807182639348e-25,2.37046182098235e-24
"1909",436.149610283107,-1.12759416130073,0.109902676800144,-10.2599335533132,1.06780189786127e-24,2.80743697574775e-24
"545",502.2634615812,-1.03170946166503,0.100644727726016,-10.2510035545393,1.17121127258186e-24,3.0766146861852e-24
"1453",870.019820466216,-0.878798939809699,0.0858028509490183,-10.2420715639374,1.28456007895453e-24,3.37140680371225e-24
"1368",5307.84065724461,-0.625378390706791,0.0612477823347098,-10.2106291341161,1.77708803648637e-24,4.65998896158389e-24
"4",1172.18621822054,-0.758967344621611,0.0743480795213114,-10.2082979077362,1.82029907722687e-24,4.76911982404799e-24
"420",436.76137059828,1.05117829352682,0.103015578543509,10.204071154955,1.90131618702947e-24,4.97702364968693e-24
"2282",746.121967248182,-0.903475789801563,0.0887111513094149,-10.1844669634637,2.32631272989855e-24,6.08420252435005e-24
"942",55.0799855186089,3.54520843092432,0.348108958852623,10.1841918766165,2.33290105996209e-24,6.09610477852102e-24
"520",1614.9578371265,-0.808303273866246,0.079383517050585,-10.1822557616234,2.37979679006487e-24,6.21322163688838e-24
"2300",513.96334917393,1.02000489858875,0.100372766760619,10.1621678021627,2.9249939773392e-24,7.62997557122834e-24
"650",2595.78650923536,-0.748162879086546,0.0736395436448738,-10.1597978756435,2.99697104983749e-24,7.8041230470964e-24
"1833",376.65884222949,-1.09118320637047,0.107401849155674,-10.1598176842268,2.99636223196512e-24,7.8041230470964e-24
"726",136.61262695236,-1.92314830574403,0.189526833608511,-10.1471030203381,3.41345800703843e-24,8.88092726700782e-24
"412",73.3102096673257,2.86680350545633,0.283466266496928,10.1133850630068,4.81898595508033e-24,1.2526851414075e-23
"1040",3451.19621160452,-0.611485330852259,0.0604871863976313,-10.1093366590483,5.02231661140502e-24,1.30440723101769e-23
"1033",10418.3980918092,0.567093394018761,0.0561036086248527,10.1079664556114,5.09304166420502e-24,1.32162885163065e-23
"2561",1313.15317901039,0.741851969430982,0.0734129064682693,10.1051981881636,5.23895337442052e-24,1.3583144277527e-23
"280",118.463147275195,1.87779114458736,0.186033119319023,10.0938539947136,5.88140066777051e-24,1.52356283965103e-23
"1513",922.001636101495,-0.802489754275859,0.0795460656297748,-10.0883651243146,6.21967386932948e-24,1.60840658747051e-23
"2243",938.81608414966,-0.883403688952776,0.0875664441005391,-10.0883814345424,6.21864068018525e-24,1.60840658747051e-23
"2128",58.7885314226039,5.53233547704604,0.550096628816227,10.057024870251,8.55444636068119e-24,2.21026800614492e-23
"1802",168.863913745255,1.56680526576061,0.155834787125368,10.0542715440046,8.7969609315197e-24,2.27096696351225e-23
"1857",798.997197050602,-0.933972127506133,0.0929239361997636,-10.0509316081738,9.10029955622667e-24,2.34724967864053e-23
"3097",216302.476609135,0.578866672671887,0.0577119929939362,10.0302665467247,1.12213267002163e-23,2.89183544246745e-23
"52",160.555269235456,1.58147967717171,0.157891758451176,10.0162268929366,1.29346941521608e-23,3.3305167730865e-23
"1711",655.593051389039,0.912159154492521,0.0911254020406656,10.0099328405208,1.37846085496909e-23,3.54630685990328e-23
"1810",557.548854863932,-0.981266265809606,0.0982092992784608,-9.99158198886383,1.65912430089347e-23,4.26469064284645e-23
"1927",720.236143195058,0.84898371922743,0.0850493265572361,9.98225093124147,1.82283848768825e-23,4.68148734348775e-23
"2611",160.906437434593,-1.64642846444442,0.165309151915893,-9.95969337064953,2.28767187052413e-23,5.87025234700532e-23
"787",871.667027327868,0.83302004166671,0.0840573987766941,9.91013347771683,3.76143318675587e-23,9.64370873588137e-23
"1858",2011.25755698268,-0.745675971833818,0.0752479654118145,-9.90958317281946,3.78220793461301e-23,9.688669640721e-23
"1506",1628.56834831248,-0.671574936714178,0.0678232703817589,-9.90183653684148,4.08699806452311e-23,1.04604775098829e-22
"1051",3395.7769297797,0.599228549972116,0.0605401683963072,9.89803242781643,4.24545053957191e-23,1.08567418926488e-22
"2375",312.879835734697,1.18601213590658,0.119854818411753,9.89540638935453,4.3583663542401e-23,1.1135979617324e-22
"719",332.534784677992,-1.11861273537702,0.113077830640942,-9.89241418089259,4.49065460991332e-23,1.14641967515876e-22
"1679",1604.36169675994,-0.708923663211287,0.0716799700501272,-9.8901222017186,4.59466694287675e-23,1.17197301731349e-22
"1511",1844.58623064399,-0.774867935448047,0.0784337885642172,-9.87926185426613,5.12087204549452e-23,1.30508084839179e-22
"686",530.296974663083,0.992159670360902,0.100468617660629,9.87531921373002,5.32631016469392e-23,1.35628255427781e-22
"1169",4031.16672488823,0.697792562539123,0.0709297543959688,9.83779752913936,7.73863688483248e-23,1.96887768362405e-22
"538",915.868995025823,-0.849316496254755,0.0865159721092729,-9.81687514511236,9.5250378697787e-23,2.42131803792505e-22
"2737",147.096011840699,1.60265282836961,0.163415759295856,9.80721097692967,1.04825774461695e-22,2.66246788785561e-22
"2906",254.54561200263,-1.3180549328279,0.134418190766277,-9.80562917350749,1.06481325286991e-22,2.70222328463679e-22
"1963",1174.1083223272,0.746073237536338,0.0761842848847396,9.79300703110994,1.20653227652785e-22,3.05927506048417e-22
"2070",11000.4461602501,0.555903112504711,0.0567699997406347,9.79219860920323,1.21622017072998e-22,3.08122840882651e-22
"1173",5523.95326937932,-0.557444885655949,0.0569722634587853,-9.78449603040986,1.31247494910615e-22,3.32227161398105e-22
"2432",1252.6843747606,0.722836513985682,0.0738775040344756,9.78425737892233,1.31557468268711e-22,3.32730300135234e-22
"699",1436.09138677198,-0.859318969592896,0.0878307787454711,-9.78380223729038,1.32150640871914e-22,3.33948241122269e-22
"2033",127.545983656304,-1.79205900895436,0.183318391278787,-9.77566405887246,1.43215042684333e-22,3.61602875705927e-22
"1939",3610.57818205213,-0.580958188356129,0.0595354744969175,-9.75818523771416,1.701729930188e-22,4.29306572607292e-22
"1977",218.162763697293,1.39031514587607,0.142516596566045,9.75546132433612,1.74804091258118e-22,4.40618231713806e-22
"2436",8312.00025846621,0.592037617596761,0.0609354744896888,9.71581205455195,2.58182739298809e-22,6.5023801008589e-22
"920",49.5652920154086,4.94865651333049,0.510804418222863,9.68796732523836,3.39212304050051e-22,8.53593956028388e-22
"658",1301.01385380642,-0.747747224915838,0.0772207119132719,-9.68324697337222,3.55250484925178e-22,8.93201219240448e-22
"2393",2410.74094850184,0.627169978152517,0.0647773949309176,9.68192652423532,3.5986972958663e-22,9.04055609507302e-22
"116",5399.16333201766,-0.701693488696668,0.0725230090238747,-9.67546021795192,3.83362892021737e-22,9.62266588027716e-22
"1979",152.695928980251,-1.63366443308421,0.169219324883328,-9.65412451686933,4.72175062261396e-22,1.18419764148038e-21
"2817",546.28246284641,-1.05142413829934,0.108971204508416,-9.64864197879121,4.98109710794463e-22,1.24819451817172e-21
"1189",456.267684863754,-1.08237204190758,0.112197346423709,-9.64703779909416,5.05961259078329e-22,1.26680844114005e-21
"1276",127.69207182313,-1.78674911453737,0.185219940556284,-9.64663474770103,5.0795314120034e-22,1.27073227296941e-21
"1831",2957.58019078202,0.589301544330785,0.0610922714849077,9.64608992278781,5.1065800833114e-22,1.27643171338911e-21
"1740",444.158991055693,-0.963810825309262,0.0999634963111788,-9.64162780290309,5.3335401533942e-22,1.33204942729177e-21
"436",1343.73421869025,0.970984448780919,0.100754126671422,9.63716803330035,5.57035008940841e-22,1.39003231588907e-21
"447",1510.06072895626,0.685176017062378,0.0711450085950014,9.63069694689049,5.93257208779903e-22,1.47918797389123e-21
"887",1619.94967685193,-0.722744574917422,0.0752937635861589,-9.59899652366804,8.07265036746075e-22,2.01110490420005e-21
"758",105.295263963192,1.91401093476952,0.199400692526628,9.59881789033363,8.08665167953701e-22,2.01291695716928e-21
"2264",54.2733912475897,-3.25271786623694,0.338947638230976,-9.59652022717555,8.26889954217765e-22,2.05657085870287e-21
"2838",175.028460300736,1.46800418267196,0.153258682665475,9.57860368587561,9.83657422428922e-22,2.44443771420875e-21
"438",429.979210222266,1.38577320257913,0.144745052654126,9.57388993384449,1.02957336055863e-21,2.55641783800117e-21
"2069",5040.92472520993,0.587498783026575,0.0613982892915897,9.56865068726028,1.08309945377328e-21,2.68709250886373e-21
"1218",676.79358742225,1.05723909413133,0.110515523505292,9.56643067505988,1.10660201823022e-21,2.74312612969745e-21
"34",368.885235770614,-1.05301122791146,0.110455770800225,-9.5333292256498,1.52318411879771e-21,3.77265470483672e-21
"2522",725.642145256233,-0.859363838206134,0.09028283739844,-9.51857366216298,1.75572228109106e-21,4.34501328786141e-21
"263",5989.27011811733,-0.526635544236432,0.055386506350772,-9.50837268740442,1.93668318512571e-21,4.78888933049267e-21
"1045",16991.6437067343,0.476943159543783,0.050284235490105,9.48494403653877,2.42513173153101e-21,5.99173752332021e-21
"725",541.586010509684,-0.951673784958773,0.100463156335772,-9.47286368126892,2.72274866984329e-21,6.72150496713789e-21
"2463",4074.89769547967,0.608562150837402,0.0643307433777555,9.45989613805447,3.08249230291418e-21,7.60331159960366e-21
"1336",584.373415682261,-0.905832119279865,0.0957698192840868,-9.45842986915168,3.12601759404415e-21,7.70432013293254e-21
"2870",240.012148594172,1.21607659048884,0.12879225370131,9.44215630630325,3.65185496991357e-21,8.99288071603407e-21
"2408",85.5316580643922,-2.18309596586985,0.231460622864848,-9.43182446694004,4.03016868078545e-21,9.91633609614314e-21
"1175",3086.55783646955,-0.611140225197701,0.0648220322019332,-9.42797077533578,4.18099017499205e-21,1.02789832404077e-20
"709",2182.53079666379,-0.611848645584011,0.0649345039460318,-9.42255054558558,4.40261191706587e-21,1.08149547256659e-20
"2757",305.668908646514,-1.13536304077476,0.120566511701994,-9.4169021293496,4.64592895622269e-21,1.14032973232308e-20
"2875",177.337687571192,1.40245360319353,0.149086065934227,9.4070065797581,5.10467448829003e-21,1.25190049745605e-20
"847",527.363648510561,-0.9455067868755,0.100638792802702,-9.39505294672131,5.71890526918608e-21,1.40138939929605e-20
"2178",1082.94134636409,0.804700724760954,0.0856540723183413,9.39477485402223,5.73403242478641e-21,1.40394640056964e-20
"2531",392.187475954884,-1.12130061035336,0.119461826404085,-9.38626709557,6.21644269538095e-21,1.52081737895174e-20
"516",10189.527322001,0.50411028789839,0.053735370634159,9.38134941564788,6.51337123130235e-21,1.59215741209613e-20
"2521",853.051113528231,-0.927924390390722,0.0989554595776719,-9.37719246973309,6.77527500501314e-21,1.65482635224484e-20
"1079",3743.82176556491,0.577746795421546,0.0616405331044121,9.37283904477121,7.06072500252814e-21,1.72313941334129e-20
"1756",467.071444431562,-1.30218103846619,0.138944923956791,-9.37192235155812,7.12233081642462e-21,1.73675744113631e-20
"1381",2534.57163384635,0.720698605761473,0.0769177651530085,9.36972888288973,7.27190773813529e-21,1.77178729254892e-20
"2821",122.391379431794,-1.89932191111636,0.202863015119217,-9.36258346549855,7.7810413986834e-21,1.89429421194961e-20
"1556",3189.40546205895,0.553725493513999,0.0593062937413452,9.33670709434286,9.93767145575444e-21,2.41735878013149e-20
"2691",74.3120914655528,2.28537825798865,0.245391441426132,9.31319464406258,1.24044058203121e-20,3.01494575258927e-20
"1360",76.9523626230395,-2.33701184727077,0.25210861410759,-9.26986114910546,1.86388404160679e-20,4.52657552961648e-20
"2055",9812.73966548754,0.496084342828672,0.0535858154699619,9.25775484571578,2.08775848335871e-20,5.06615846083477e-20
"891",6608.69119212508,-0.579321898763658,0.062645426021846,-9.24763283693902,2.29519226524295e-20,5.56500426062149e-20
"927",44.2902963146017,4.93564665297813,0.534212465578538,9.23910797856982,2.48560696870962e-20,6.02181056710866e-20
"2474",9315.7552759438,0.51862094836133,0.0561529389055984,9.23586473778711,2.56208040403849e-20,6.20205871268865e-20
"394",457.432109668651,0.923170845562709,0.100013041953457,9.23050461751104,2.69359898386492e-20,6.51515615175735e-20
"2546",393.436085004856,-1.07623085456935,0.116665384251104,-9.22493729805003,2.83726852902546e-20,6.85711424785475e-20
"671",3836.90661744701,-0.558711497347127,0.060636367877667,-9.21413199541106,3.1380688199174e-20,7.57796764260925e-20
"2119",41.4798963280328,4.17531324968521,0.453425686922083,9.20837387495142,3.31102653333266e-20,7.98918660300914e-20
"29",188.498329042363,1.32483477363023,0.144387316250312,9.17556200943211,4.49224970937998e-20,1.08306294363134e-19
"100",479.302771008858,-0.910930452965667,0.0994464244193935,-9.16001211993322,5.18914889955911e-20,1.25007516163292e-19
"632",1252.07174723195,0.668699746488026,0.0730655149079629,9.15205685377506,5.58596751114082e-20,1.34458686993832e-19
"2313",1222.01524272689,0.693462550855943,0.0758262391547051,9.14541666033443,5.94004344981734e-20,1.42866639886282e-19
"1753",868.337127525676,-1.02975456262696,0.112662176658862,-9.14019765253624,6.23382903415172e-20,1.49812180483389e-19
"1103",234.558135843799,-1.21870086721281,0.133505340757976,-9.12848025624776,6.94675856932263e-20,1.6681140962611e-19
"1082",331.362833229775,-1.03932880172356,0.11391235567665,-9.12393388364106,7.24457679476643e-20,1.73823366238502e-19
"1250",143.604040870561,1.51954211971692,0.16695936637619,9.10126908539595,8.92823782176445e-20,2.1404877854743e-19
"2782",1521.3852399965,0.613338068122413,0.06742838707076,9.09614028700953,9.35990637725184e-20,2.24218093520717e-19
"228",749.170065627845,-0.8139056376092,0.0895405110908541,-9.08980334927231,9.92183485385854e-20,2.37489039061958e-19
"1305",368.046130442116,1.02286501027049,0.112545948304183,9.08842144637626,1.00487344726102e-19,2.40334240943642e-19
"2203",2876.32520660757,0.614915545601459,0.0676988337493084,9.08310397012918,1.05521738942064e-19,2.52173356960587e-19
"2534",529.492975878196,-0.89032677836025,0.0980262297843615,-9.08253617749856,1.06073815889713e-19,2.53290388780544e-19
"2351",1821.4711404207,0.606735662124753,0.0670137064894569,9.05390395351748,1.3794615980344e-19,3.29134697074874e-19
"947",41.8349218127174,4.85217999724038,0.537200732201142,9.03234062500049,1.68038436235237e-19,4.00614343598269e-19
"1304",668.212011714233,0.778736942260509,0.086298695586079,9.0237394316552,1.81776028640022e-19,4.33020603257123e-19
"1701",1140.8185135455,-0.698099061503986,0.0774010749149446,-9.01924246234463,1.89394397494222e-19,4.50809894433344e-19
"1886",180.219157782475,1.35490173271219,0.15033377306586,9.0126237443573,2.0118453876799e-19,4.78492957069814e-19
"2089",754.830291876968,0.774231926430699,0.0859071240680045,9.01242981685446,2.01540707773913e-19,4.78959330944836e-19
"1121",3145.3834493491,-0.615751586331298,0.0685077339588518,-8.98805946057333,2.51633894774887e-19,5.97530645370209e-19
"2048",4548.55267415095,0.724243183488932,0.080614591699409,8.98402098455634,2.61047937399888e-19,6.19393678588791e-19
"2741",110.893721019177,1.77200951581229,0.19734983106417,8.97902727485034,2.73171056678592e-19,6.47644850699165e-19
"1497",405.428016008911,-1.02096296948132,0.113757163598089,-8.97493342123444,2.83523209946963e-19,6.7165593361941e-19
"2367",199.527475505966,-1.26492535432913,0.141455109697435,-8.94223868642668,3.81364793617081e-19,9.02724258308787e-19
"467",6652.88106910063,-0.486690142406394,0.0544346471405187,-8.94081560132175,3.86308524447469e-19,9.13703640432274e-19
"995",551.338367957547,0.829422546066785,0.0927914187820275,8.93856950301781,3.94240483675387e-19,9.31727904547203e-19
"2087",403.354337582884,0.984350553738677,0.1102125909158,8.93138021308924,4.207264399713e-19,9.93538680658351e-19
"618",331.95600197894,-1.0486011827679,0.117580263770586,-8.91817341738453,4.74041709467348e-19,1.11855898637721e-18
"1523",1601.88825416995,0.814630475301409,0.0915807693258774,8.89521327782976,5.83072101152284e-19,1.37474525346543e-18
"2323",995.294629713033,-0.758025349715354,0.0853539873485726,-8.88096002615197,6.62857727511509e-19,1.56163017379089e-18
"355",185.470919811743,1.35668965810938,0.153187387296935,8.85640575277649,8.26356923606272e-19,1.94528710891421e-18
"105",256.642824027825,1.14013594497288,0.12879362350718,8.85242540683172,8.56375683670019e-19,2.01436796033074e-18
"1546",407.362318504851,-1.04354487694184,0.117895523555317,-8.85143765829423,8.63990306132722e-19,2.03068263625224e-18
"1205",48.323187320904,-3.06513994581025,0.34657478545155,-8.8440938997241,9.22739951504216e-19,2.16706274325009e-18
"343",748.399360924135,0.744461306077263,0.0843170759503096,8.82930649203247,1.05326737926053e-18,2.47166744999805e-18
"1120",156.851805979019,1.3938209266922,0.158294180392466,8.80525691618247,1.30553186997398e-18,3.06124714338725e-18
"441",2082.49432599476,1.77485375618285,0.202138189277097,8.78039801647686,1.62897162140711e-18,3.81666647709482e-18
"2306",25934.598117839,-0.464854633578516,0.0529644289302051,-8.77673266695817,1.68292400475731e-18,3.9399910972096e-18
"14",821.651417277972,0.729004585222639,0.0830797042846035,8.77476143542003,1.71266549262019e-18,4.00648565591837e-18
"3058",230.870257132455,1.16486018689993,0.133173098892778,8.74696313733596,2.19171258234864e-18,5.12312816123995e-18
"281",112.818568046451,1.624792616655,0.185971847402375,8.73676655552894,2.39877475024763e-18,5.60275882337307e-18
"2405",6448.13500225615,0.568384803754092,0.0651088327716854,8.72976491142492,2.55202525556712e-18,5.95605270254041e-18
"540",2677.3161495092,0.527313767382186,0.0606035691405281,8.70103485422527,3.28871230868175e-18,7.66938988899127e-18
"2136",44.89798108259,2.95470050688793,0.339661132428772,8.69896560068598,3.3492302336064e-18,7.80443680603609e-18
"2509",1559.55450044545,0.578293604461395,0.0664916630949671,8.69723477416174,3.4006938592027e-18,7.91819146049376e-18
"1413",7554.53285445654,0.530257375824403,0.0609770198389678,8.69601986493834,3.4372829783176e-18,7.99716226370628e-18
"2230",329.580029173488,1.04380877583255,0.12021721030766,8.68269005046144,3.86516618562245e-18,8.98568549136159e-18
"3025",1019.12908072575,0.719536539353826,0.0828738874446064,8.68230707573323,3.87820673715424e-18,9.00900198568748e-18
"1876",1645.39236978829,-0.61759858130109,0.0713016817028536,-8.66176738824902,4.64505461612317e-18,1.07820041981695e-17
"2794",415.729550579538,-0.884767711009543,0.102166267098385,-8.66007671746999,4.7144686520547e-18,1.09346435712772e-17
"1508",441.35522946357,-0.857528405912766,0.0994928828877237,-8.61899244472064,6.75458115200626e-18,1.56543042655327e-17
"614",6464.16423912772,-0.475920882907165,0.0553268988100625,-8.60198010629519,7.83523773776439e-18,1.81447610769281e-17
"2044",554.521001876689,0.851530417652383,0.0990698370440921,8.59525404562239,8.30807894877547e-18,1.92248818366096e-17
"2060",7885.19866808147,0.550192380855422,0.0640931254097168,8.58426511951639,9.14189241118298e-18,2.11379768889177e-17
"873",333.165190311098,-0.992710615900085,0.115729466476116,-8.57785528722676,9.66584471760613e-18,2.23322064826854e-17
"2554",2576.36783912236,-0.523057985709114,0.0610450462030886,-8.56839364113136,1.04938549958117e-17,2.42265541261331e-17
"2872",276.967464212034,1.07932088916503,0.125984626760606,8.56708407142356,1.06138403343447e-17,2.44846648267998e-17
"53",154.713953019395,1.41479299082487,0.165152460489029,8.56658742252805,1.06596975131145e-17,2.45715061319248e-17
"2490",3409.66752026875,-0.696668991815448,0.0814057123265646,-8.55798655775791,1.14855752144351e-17,2.64548429881368e-17
"2346",675.304070402991,0.737644474479818,0.0862835056088162,8.54907863646708,1.24074965212572e-17,2.85563304550782e-17
"1850",6670.76311720142,0.492365291263859,0.0577031493924727,8.53272822103687,1.42936205355995e-17,3.28720312394417e-17
"175",76.4291317438913,1.98748922343618,0.233039141089458,8.52856397489568,1.48175546890435e-17,3.40507861978634e-17
"759",137.905932684441,1.43082830844848,0.168081647454794,8.51269802572176,1.69932207472846e-17,3.90205038187841e-17
"2865",98.6691634286715,1.72451932332052,0.202596764664326,8.51207730872605,1.70844603958354e-17,3.91999275340027e-17
"2922",64.4165373922072,2.24123652665718,0.264796439631242,8.46399796680929,2.5836432850337e-17,5.92357142438377e-17
"2071",16859.6618228517,0.478872854650048,0.056579861149819,8.46366259864143,2.59108735464316e-17,5.93608986607376e-17
"344",207.319334360054,-1.19926722744876,0.141802869701592,-8.45728460906665,2.73675403307436e-17,6.2650099976729e-17
"2277",87.236956251826,-1.98841498769878,0.235217540259074,-8.45351492711256,2.82661781449765e-17,6.46112813637967e-17
"2960",64.2041410243429,2.16547791635301,0.256163177674018,8.45350973553545,2.82674355966611e-17,6.46112813637967e-17
"2139",156.533294919383,1.3687492367444,0.161954115391889,8.45146314085545,2.87674647491466e-17,6.57040110911807e-17
"2435",937.784052673543,0.668841514081575,0.079147703214839,8.45054861877757,2.89937143719607e-17,6.61702466826136e-17
"2475",1902.76615231747,0.605472526069115,0.0717053501668042,8.44389609228095,3.06932052446151e-17,6.99954802529638e-17
"3057",162.895923899407,1.42952790328277,0.169446461802703,8.43645767562413,3.27100051628332e-17,7.45379554053289e-17
"2837",171.822323255264,1.30947377154263,0.155337537246312,8.42986051379356,3.46077486961286e-17,7.88024232106672e-17
"1335",1595.38073969141,-0.616420545426609,0.0732329629324546,-8.41725530066504,3.85407180458243e-17,8.76911242533127e-17
"646",14796.4281647656,-0.494559392599865,0.0587698119486678,-8.41519440340962,3.92243869542427e-17,8.91788493670929e-17
"1164",226.561568916111,-1.12387755710242,0.133598352062218,-8.41236092926521,4.01839134512065e-17,9.12910167395671e-17
"2086",34.8463622130343,3.90587723779928,0.464574470922417,8.40742977125739,4.19093147076002e-17,9.51385960585279e-17
"2308",526.247126749633,-0.822144557632721,0.0980162130578165,-8.38784250058473,4.95144953703314e-17,1.12317945525422e-16
"1611",2928.49088131761,-0.57506031627348,0.0685707214927748,-8.38638275570826,5.01329222962938e-17,1.13634623871599e-16
"1917",1149.21257067642,-0.627072603648151,0.0750435797758613,-8.35611261511083,6.48188343789409e-17,1.46811470447987e-16
"1746",382.910021861778,-0.950700871249738,0.113909543451562,-8.34610378061961,7.0551817658528e-17,1.5967552075213e-16
"2742",94.6318219162527,1.73505539398473,0.208221393517711,8.3327431666485,7.89903972558702e-17,1.78638902939957e-16
"1104",6406.63285457585,-0.687985018305425,0.0826766082760453,-8.32139867189934,8.69313162806168e-17,1.96449016851666e-16
"2219",93.029792118331,-1.81188852412899,0.218087696345418,-8.30807310312101,9.72686018425685e-17,2.19643514500351e-16
"1475",2356.80619469555,-0.521732621042614,0.0628200495301092,-8.30519276799601,9.96575181509034e-17,2.2486824608409e-16
"565",1052.82135306085,-0.705139303132498,0.0849311432045691,-8.30248218176066,1.01958445818138e-16,2.29886714308868e-16
"1865",1965.460095745,0.572546980501427,0.0690082975385283,8.29678460306554,1.06967068333468e-16,2.40998093715162e-16
"2278",58.6410517906773,-2.32404997358908,0.280693690937067,-8.27966587289681,1.23521368123261e-16,2.7808572868683e-16
"1980",142.637587513621,-1.50028126821689,0.181262461428951,-8.27684483808555,1.26481859739502e-16,2.8453663484255e-16
"1530",1970.35875727241,0.547781111017103,0.0662079142070804,8.27365002473559,1.29919146340474e-16,2.92049651277759e-16
"1109",123.91034425989,-1.50909196353994,0.183006581185351,-8.24610761954795,1.63637309186683e-16,3.67569691506423e-16
"165",3058.64251203422,0.526339942895785,0.0638384146616899,8.24487803597741,1.65328763716571e-16,3.71090518409587e-16
"783",324.944729750949,0.956426450358441,0.116142081935817,8.23496905184621,1.79604060400425e-16,4.02830096490308e-16
"1899",210.786241743735,1.14019480834763,0.138894207483756,8.2090882622371,2.2287435819298e-16,4.99505677687937e-16
"848",742.749482814764,0.762121031830189,0.0929730648710669,8.19722392595192,2.46001937499328e-16,5.50926494758975e-16
"1186",7371.6609394127,-0.49389128418428,0.060310172741956,-8.189187026498,2.62996584119226e-16,5.88545833720811e-16
"996",660.104036793153,-0.780473935036946,0.0953416300591351,-8.1860771055924,2.69878860890039e-16,6.03495928088937e-16
"2031",133.859481268861,-1.43198482273928,0.175222500812608,-8.17237978055521,3.02364942707369e-16,6.75635480642606e-16
"700",2065.52085627478,-0.573781058055776,0.0703737064602172,-8.1533442945788,3.53995946275004e-16,7.90414829294636e-16
"2758",124.657926693935,-1.45779170023982,0.178987855512506,-8.14464029453642,3.80411063903206e-16,8.48762045636385e-16
"1578",132.078149553761,1.46953778857444,0.180757013180881,8.12990745263028,4.2961830909726e-16,9.57837541593892e-16
"2003",482.749641965152,-0.788252801119774,0.096982583075954,-8.12777692776482,4.3723489358307e-16,9.74092927476207e-16
"1702",9087.27466190747,-0.461877082451282,0.0568285213880346,-8.12755762722574,4.38026402068049e-16,9.75130204603871e-16
"2861",74.4323102289734,1.91442093110897,0.235571262666184,8.12671677114455,4.4107436254119e-16,9.81185496448505e-16
"1006",1680.44347113212,0.56809476950312,0.0699568272449309,8.12064800357687,4.63701106359121e-16,1.0307531279543e-15
"469",630.45440398272,-0.767201302150225,0.0945422524918716,-8.1149039919076,4.8616902710172e-16,1.07989437942713e-15
"548",1533.24702339841,0.563269332997753,0.0694549065854137,8.10985660609968,5.06795332612464e-16,1.1248751002793e-15
"50",86.5320395002465,1.77654387213244,0.219147463890504,8.10661387813311,5.20499349295238e-16,1.15443591778455e-15
"1387",201.877438736388,-1.23108540036386,0.152168336479228,-8.09028625039816,5.95246735279231e-16,1.31924313478182e-15
"835",517.554347072262,-0.833490965532311,0.103290634093469,-8.06937601697824,7.06583439347086e-16,1.56483911956068e-15
"473",64.4075757231218,-2.09192458240163,0.259289012922393,-8.06792605218391,7.15023294741804e-16,1.58235924398482e-15
"2564",66.9021182780532,1.97691694731563,0.245065927976523,8.06687801784105,7.21185387991416e-16,1.59481646775338e-15
"1467",8715.7885130533,-0.485572756774124,0.0602677171410059,-8.05692964341173,7.8234649007951e-16,1.72878928974734e-15
"2910",960.48170797017,-0.739046352825603,0.0921701034274078,-8.01828711636054,1.07229927108099e-15,2.36776340891093e-15
"1285",98.2455029749473,-1.64270866909144,0.205684588242027,-7.98654232255109,1.38776135384966e-15,3.0620810993497e-15
"2275",3709.84909484583,-0.458225517961561,0.0574611278115936,-7.97453052895192,1.52961133527353e-15,3.37079707925042e-15
"2518",1101.84104104104,-0.670821196238992,0.0841207315846794,-7.97450501917848,1.5299272839646e-15,3.37079707925042e-15
"423",2230.33801150971,0.661820577719884,0.0830798327839508,7.96607979990703,1.63787196904584e-15,3.6059697802687e-15
"2557",7260.59541472579,-0.480316610735721,0.0603066284787908,-7.96457409162979,1.6579381863188e-15,3.64746400990136e-15
"1217",1668.37488427626,-0.546616174073227,0.0688100774830507,-7.94383895597079,1.96018054674862e-15,4.30922865236728e-15
"603",1312.87989227593,0.763879631766172,0.0962536940611509,7.93610717195822,2.08625757758164e-15,4.58302692520137e-15
"1098",123.305727537741,1.4328083104864,0.180669126624685,7.9305653226678,2.18150524707299e-15,4.78874812857108e-15
"239",2559.9976155726,0.543034242594191,0.0684996339461352,7.92754955480794,2.23512336500841e-15,4.90285125227651e-15
"2547",1433.73941729458,0.548581102959169,0.0692350437010149,7.92346005193794,2.30990993599432e-15,5.06318720036265e-15
"101",437.511003752377,-0.861085909051394,0.108757442001954,-7.91748953635675,2.42354016107676e-15,5.30815822809286e-15
"2412",1657.74259668753,-0.590193340996062,0.0745438001447902,-7.91740345742637,2.42521801397157e-15,5.30815822809286e-15
"2396",1426.57521851616,0.587446407956873,0.074252536304496,7.91146588646969,2.54375649182595e-15,5.56353759030939e-15
"1567",571.365249518239,0.72300255803651,0.0914054406462402,7.90984161254355,2.57716569280277e-15,5.632490688726e-15
"2815",198.15497848732,-1.10667513155347,0.140176188165117,-7.89488675672852,2.90578953979077e-15,6.34607467376204e-15
"2043",6266.45294305214,0.492296540961835,0.062426972648796,7.88595890643962,3.1212931982813e-15,6.80769530599107e-15
"2201",533.352569738974,0.765949788934453,0.0971285064356155,7.88594221246659,3.1217105480681e-15,6.80769530599107e-15
"888",2343.86290828034,-0.681994366102753,0.0865495258749387,-7.87981631566895,3.27862692849014e-15,7.14468446470683e-15
"889",2122.8604317519,-0.777737043841462,0.0987425739842146,-7.87641047280978,3.3692013341156e-15,7.33671789787036e-15
"707",240.934569662257,1.06359242291217,0.135078789793357,7.87386698192403,3.43844516138683e-15,7.48205667117775e-15
"756",289.225590150668,0.942382483290945,0.119772557321828,7.86810020895499,3.60067121679423e-15,7.8293664830293e-15
"906",47.8053014349603,2.39842969201806,0.30487762134687,7.86686041901803,3.63651992942523e-15,7.90157416764e-15
"2785",500.723736689018,-0.771058025280759,0.0984567887382312,-7.83143585284692,4.82329424275506e-15,1.04726388783187e-14
"1717",112.474442820668,-1.45930399407972,0.186505581353736,-7.82445213428724,5.09872478147336e-15,1.10626428906224e-14
"524",475.246008256541,0.781127162824137,0.0998515665186952,7.82288340641994,5.16269179526013e-15,1.11933143850857e-14
"2414",285.501381488827,-0.95057562109744,0.121526662874195,-7.8219511555376,5.20107914031994e-15,1.12683771092232e-14
"1223",384.604005861934,0.822117778417372,0.105227812604847,7.81274225954499,5.59569494029332e-15,1.21145580762356e-14
"243",647.133782614545,0.781083043381781,0.100017349971547,7.80947549204201,5.74264631643894e-15,1.24237149521224e-14
"2320",663.592676302874,0.715389233522272,0.0917876915639985,7.79395604500491,6.49431464746804e-15,1.40397322436592e-14
"198",2015.38365463747,-0.752014026801112,0.0966409264283324,-7.781527501796,7.16540491606124e-15,1.5479344049715e-14
"1734",1603.49514352842,-0.548027963197254,0.0704350872829302,-7.78061026595856,7.21755261130327e-15,1.5580748494242e-14
"2465",1459.32335521773,0.522958546824707,0.0673063177870363,7.76982850970095,7.85924574283813e-15,1.69537586608303e-14
"2385",605.54272517698,-0.710893292272556,0.0915296190563898,-7.76681143876046,8.0486524160706e-15,1.73498328738352e-14
"1983",122.11529477152,-1.40998372495021,0.181630185079535,-7.76293722506966,8.29846929178237e-15,1.78754644499733e-14
"2953",698.501682058241,0.66928680958667,0.086278729881448,7.75726312274543,8.67817613795225e-15,1.86799302192469e-14
"2693",2487.6130116071,0.479088924597823,0.0618114661456377,7.75080991395695,9.1308282931982e-15,1.96401425257002e-14
"2290",5497.78972814114,-0.595208860294662,0.076898290674385,-7.74020924359672,9.92533320542337e-15,2.13337621771744e-14
"2968",270.32940669047,0.979866795225149,0.126857343708655,7.72416295800382,1.12590729224565e-14,2.41831630897271e-14
"2587",3484.60238816545,0.459107690992879,0.0595719074322672,7.70678178325716,1.29030151299351e-14,2.7694276376446e-14
"2120",45.8694226845724,2.39532966827298,0.310936105327052,7.70360735609491,1.32277876719759e-14,2.83709969279942e-14
"2111",47.5470992053715,2.34927266500062,0.305012868773118,7.70220835091425,1.33734595233134e-14,2.86628874597089e-14
"1211",15658.3455505693,-0.44091508878727,0.0573160912279272,-7.69269291295346,1.44070017164825e-14,3.085594068412e-14
"1510",4877.42495808216,-0.505131244310061,0.0656665108123009,-7.69237223146988,1.44431688102255e-14,3.09112740201679e-14
"1967",969.716455676389,0.592967459477132,0.0771166857233847,7.68922385492667,1.48030265277861e-14,3.16587958335496e-14
"2317",1810.59681384088,-0.693825829160233,0.0902743091271072,-7.68575064012198,1.52102510867316e-14,3.25064794653578e-14
"1261",166.356683021177,1.17125957614503,0.152555063520148,7.67761848816207,1.620733166651e-14,3.46126597760157e-14
"1017",88.0870426876288,1.58705287820742,0.206727730600035,7.67701978636802,1.62832288591004e-14,3.47499434710616e-14
"1618",361.585413221039,-0.873543836093425,0.113826967579397,-7.67431351875473,1.66306868806491e-14,3.54661547732731e-14
"1463",5595.2173342224,-0.578061301888288,0.0754825691871325,-7.65820914832918,1.8854366357798e-14,4.01796753151935e-14
"130",4036.45234039901,-0.532178395242112,0.069517241737935,-7.65534393968491,1.92795547744896e-14,4.10565323026854e-14
"2401",5146.06536710864,0.51502684916693,0.0673494622016732,7.64708183748696,2.05591491641318e-14,4.37503373393188e-14
"5",278.830052357698,-0.981447094159147,0.12837049241658,-7.64542595173829,2.08254770912868e-14,4.4285591653966e-14
"2065",2679.61322942505,-0.555481246505707,0.0728357791495514,-7.62648869815965,2.41234066306469e-14,5.12622390901246e-14
"2109",40.8454264718785,2.61289201684309,0.342817366897229,7.6218192808954,2.50125061672973e-14,5.31138526987606e-14
"196",4647.2643221975,-0.435944968320579,0.0571980576115701,-7.6216743456756,2.50406127681041e-14,5.31358251079201e-14
"2133",31.9513086113859,5.32309357705109,0.698746942875301,7.61805633831739,2.57523904872239e-14,5.4607478623511e-14
"1053",945.956155315292,-0.627536629645052,0.0826307142249427,-7.59447180786469,3.09050423348185e-14,6.54871718596153e-14
"2508",8848.16878060827,0.463756412194217,0.0610743877216482,7.59330432108181,3.11848979142304e-14,6.60334144086181e-14
"1696",574.727665584219,0.686577164901907,0.0904458058787543,7.59103374922976,3.17363271935867e-14,6.71535296769529e-14
"1750",531.721449900114,0.745796936180403,0.0983551827485865,7.58269076767203,3.38460888548458e-14,7.15671362923665e-14
"259",2736.32215369072,-0.485017638268264,0.0640595100912661,-7.57136040499304,3.69335811515142e-14,7.80404483088493e-14
"1528",779.927986915773,-0.63863681810227,0.0844125990447302,-7.56565755976613,3.85907442026566e-14,8.14844789374371e-14
"1735",965.846169052832,-0.617883610851029,0.0817100969944683,-7.56190034743026,3.97222667114695e-14,8.38145430188411e-14
"683",24140.0876088617,0.461698317183219,0.0610749041116281,7.55954223586437,4.0449033721715e-14,8.52878850566395e-14
"443",1142.04930562094,1.53268890229492,0.203312429528529,7.53858928275631,4.75082666146991e-14,1.00101925148718e-13
"1198",3396.0412731981,-0.458063640663249,0.060827109861958,-7.53058367729102,5.05140070953842e-14,1.06360245763117e-13
"2640",2114.18103386767,-0.619298313893561,0.0823153448256134,-7.52348562963024,5.33348649119696e-14,1.12220756551767e-13
"110",1598.68237374656,-0.543707727591874,0.0723498519605043,-7.51498051286523,5.69194119556343e-14,1.19678763577834e-13
"49",58.6726864612908,1.9644740482343,0.261480464645708,7.51289030672352,5.78359881135281e-14,1.21520559294716e-13
"2200",683.189294385725,0.646331610391574,0.0861476404045479,7.50260375509313,6.25624574743725e-14,1.31359208956718e-13
"132",9459.41074181481,-0.403244035550147,0.0538360794031558,-7.49021919910663,6.87586820881037e-14,1.44267865923988e-13
"2744",191.426499268686,1.0590537461751,0.141686094160559,7.4746484646191,7.74105072924672e-14,1.6230710428806e-13
"1524",5186.42410238132,0.464782647628918,0.0622034313317749,7.47197763335439,7.89984382130357e-14,1.65520537208265e-13
"1978",209.017928109031,-1.01733843943148,0.1362544300818,-7.46646137538959,8.23801395993777e-14,1.72485218811293e-13
"1348",1693.63676228008,0.538345476977983,0.0724771597104746,7.4277948960544,1.10423001935146e-13,2.31038896356612e-13
"2297",124.314996932981,1.31015549656228,0.176689940757464,7.41499765603909,1.21626957833202e-13,2.54303185071238e-13
"385",1335.73838699017,-0.612066102986774,0.0826290033699243,-7.4074002834888,1.28799261081882e-13,2.69111305277228e-13
"2847",176.800014562042,1.08658450286653,0.14669682529222,7.40700762066295,1.29181041724491e-13,2.69720639804381e-13
"2292",688.699344005014,-0.663072118065864,0.0897507593031088,-7.38792767007706,1.49134825751576e-13,3.11165549964237e-13
"419",88.3245771631915,1.5424909399482,0.208813733936801,7.38692283724522,1.50265741011194e-13,3.13306687878392e-13
"1317",82.6946083697408,-1.71326770019136,0.232051355536683,-7.38314023733649,1.54599034429241e-13,3.21910342522281e-13
"2573",68.6229962592205,1.91108886071365,0.258845240639822,7.38313308751498,1.54607340308996e-13,3.21910342522281e-13
"2604",692.92753199888,0.629400768613261,0.0853564809127482,7.37379003776687,1.65844311501159e-13,3.45066884569866e-13
"2857",118.834373923759,1.3091874374689,0.178043672967954,7.35318147309025,1.93543881739835e-13,4.02420635278379e-13
"304",236.962254805643,0.937058472563043,0.127530638153415,7.34771256641711,2.01627494301757e-13,4.18937127049206e-13
"3007",70.8035197183304,-1.80098450187075,0.245154901200421,-7.34631244593557,2.03749784947859e-13,4.23052988594028e-13
"2270",13728.097299143,0.420690945572603,0.0572807519966762,7.34436841187095,2.06732966370418e-13,4.28949400402421e-13
"2220",365.163800334181,0.897964839125491,0.122489829791482,7.33093384694976,2.2855447066288e-13,4.73898112420885e-13
"2507",2743.47147894106,0.521659617971783,0.0711745575341949,7.3292990647839,2.31359577342977e-13,4.79382171336694e-13
"358",50.2497404710093,2.1598518920233,0.295303605305966,7.31400447951002,2.59296493635289e-13,5.36896269174245e-13
"2222",369.523957705186,0.785747399920421,0.107444047195615,7.31308453496612,2.61078648259515e-13,5.40212528072246e-13
"255",1050.70076198799,0.547276796697852,0.0750197937031275,7.29509866240856,2.9844029969884e-13,6.17092865721445e-13
"2535",1037.3321639408,-0.673507028110232,0.09256059020211,-7.2763908121113,3.4286937831566e-13,7.08470428121861e-13
"2185",1139.84290690854,-0.56689141788654,0.0780625130673999,-7.26201854912204,3.81355885902589e-13,7.87451215059038e-13
"1487",58.3372964434314,-1.94002051009199,0.267639847446539,-7.24862358352492,4.21028171081179e-13,8.68769853706818e-13
"1309",294.508491507969,0.884661730518799,0.122190627080744,7.24001301617197,4.48641682264247e-13,9.25110898231997e-13
"2345",292.627265645048,0.902847244672711,0.124721426087911,7.23891053038739,4.52303268378118e-13,9.3201885605188e-13
"216",296.209979818329,-0.866304450686446,0.119701156003038,-7.23722710467775,4.57950958072165e-13,9.43007065761815e-13
"1783",162.129942041821,-1.1604678850885,0.161284105651741,-7.19517822539989,6.2379229571674e-13,1.2836221105808e-12
"561",5403.17825450174,-0.419607703604567,0.0584487737022715,-7.17906770366099,7.01883843870053e-13,1.44332402808192e-12
"2283",88.1240840454632,1.64659522031365,0.229938452061491,7.16102594216521,8.00754924099957e-13,1.64550737150211e-12
"1659",108.304231708998,-1.38005139203278,0.192925611690148,-7.15328244882926,8.47270167495622e-13,1.73989865555724e-12
"1515",2509.89250089586,-0.492213717307425,0.0689376520217105,-7.13998378059659,9.33419325296422e-13,1.91549425328319e-12
"449",1776.18230246665,0.598621699991884,0.0839140581217569,7.13374747200643,9.76724564765671e-13,2.00298827812124e-12
"622",113.415800589198,1.27644452354665,0.179008564013392,7.1306338363295,9.99077758672077e-13,2.04742510544305e-12
"556",1015.84860179958,-0.534776383075296,0.0754679119115893,-7.08614256747672,1.37901749190778e-12,2.82410700601512e-12
"1346",942.331905477929,0.669273736633949,0.0945732860970353,7.07677362450166,1.47549263621018e-12,3.01961283689526e-12
"2223",200.95157322411,-0.988797558419987,0.139758461715908,-7.07504609223555,1.49399095140538e-12,3.05537999084409e-12
"1982",39.1175146352109,-2.51396983689554,0.355454327376701,-7.07255375240179,1.52108033079441e-12,3.10865597659623e-12
"2729",2003.14090798195,-0.455918991624558,0.0647790304841589,-7.03806445105795,1.94928527103061e-12,3.98106589141541e-12
"349",72.1473890599794,-1.63651570641408,0.232748061384088,-7.03127534846982,2.04654172513948e-12,4.17684368459571e-12
"1697",79.5232010561715,-1.57843750435349,0.224538847432068,-7.02968560854949,2.06999423253212e-12,4.22182872783647e-12
"2661",114.105426413029,1.28386772935213,0.182673305117417,7.0282175522411,2.09188561877112e-12,4.26357068893951e-12
"1454",992.717693627001,-0.57580017160392,0.0819492957359725,-7.02629798624574,2.12085271086127e-12,4.3196673321286e-12
"1547",666.511761926726,-0.610486326644193,0.0869471612192179,-7.02134857634957,2.19736877520343e-12,4.47246760231883e-12
"1462",4402.14295816498,0.406156414571369,0.0578700082445294,7.01842676184109,2.24380316403525e-12,4.56387428062099e-12
"1203",1249.7829080996,0.525268741413553,0.0749014808112085,7.01279515070615,2.33603362982351e-12,4.74824226931518e-12
"2407",124.552180638738,-1.24087348909903,0.177111785773263,-7.00615988756153,2.44947984391948e-12,4.97545396673937e-12
"1655",472.97367101851,0.686374807048657,0.0980216523903126,7.00227745922482,2.5183471224109e-12,5.11186878578929e-12
"1174",5440.33629546463,-0.420988880822326,0.0601419981035383,-6.99991510254726,2.56117657772394e-12,5.19528157325426e-12
"203",63.422534752949,-1.83416563734197,0.262154180398466,-6.99651493084756,2.62407820874509e-12,5.31926964807947e-12
"2556",5175.99309363065,-0.468459311617877,0.0670896575843587,-6.98258611662812,2.89795216025933e-12,5.87046233141226e-12
"1954",1173.39771240425,0.528659025246778,0.0757438224212798,6.97956623190243,2.96092819713564e-12,5.99397643154929e-12
"199",4013.48809048343,-0.510280359984412,0.0731882596067026,-6.97216141942089,3.12108137510027e-12,6.31391174732929e-12
"2085",27.9100326261549,5.44943232096998,0.781850536701667,6.96991568741397,3.17130984710263e-12,6.41118855576425e-12
"926",23.6984428184639,4.17235922800054,0.599161176055837,6.96366753177563,3.31526484598094e-12,6.6976856307731e-12
"1708",302.332661239039,-0.883066994618579,0.126923976324408,-6.95744823154237,3.46491206033089e-12,6.99528804622808e-12
"2198",1412.05771789907,-0.474437421092729,0.068222785623768,-6.95423701560847,3.54475220797704e-12,7.15165111683567e-12
"1452",1635.56770141329,0.460067960850009,0.0661579534556531,6.95408392822189,3.54860311807098e-12,7.15459604398139e-12
"728",341.1151649207,-0.791627826833059,0.113848712893875,-6.95333137029824,3.56759342210037e-12,7.18804008008372e-12
"166",5023.35080981563,0.398201848619061,0.0573379173447011,6.9448258161379,3.78927566979275e-12,7.62955101212646e-12
"2500",10601.1765316472,-0.477594748268339,0.0687971731594536,-6.94206936615551,3.86397387742786e-12,7.77472080784409e-12
"1838",2226.7784025671,0.50783335608626,0.0731699391171382,6.94046437941223,3.90813114059482e-12,7.85828519667991e-12
"724",64.1344349241731,-1.74051158052975,0.250851839303053,-6.93840469882719,3.96552361301471e-12,7.96833220291471e-12
"1636",2124.92793490941,0.444317984856198,0.0640667477946602,6.93523551843582,4.0554495019833e-12,8.14356034223761e-12
"1945",1222.50402313053,-0.546849922808532,0.0788563304275976,-6.93476249583571,4.06904192459512e-12,8.16537453949604e-12
"2792",344.392673842374,-0.819210288277851,0.118158984480632,-6.93311889805666,4.11661923021596e-12,8.255311485795e-12
"13",767.43822367883,0.563946904548247,0.0814968607992357,6.91986045864403,4.52088740835019e-12,9.05994315189803e-12
"2454",865.677538658695,0.54991837380049,0.0796058092488678,6.90801813321571,4.91471174008231e-12,9.84258201226658e-12
"2501",338.810301702444,-0.777541008303744,0.11257284073518,-6.90700352967776,4.94997623883601e-12,9.9065745194631e-12
"1525",7975.92181195577,0.379835590439034,0.0550268489470117,6.90273198824812,5.10118185662353e-12,1.02023637132471e-11
"227",1026.14883462789,-0.543962675504346,0.0788962851501752,-6.89465510915932,5.39956417488772e-12,1.07919145031824e-11
"1940",2228.09054697935,-0.458744921191555,0.0665433328935008,-6.89392762947045,5.42726424231656e-12,1.08400364572838e-11
"2601",5474.20432785929,0.412433575191313,0.0598344127442349,6.89291590366701,5.4660191543665e-12,1.09101596463406e-11
"1289",915.671071640628,0.533962371559471,0.0776760485967943,6.8742216063435,6.23292512040043e-12,1.24326079734921e-11
"2285",2158.61392268107,-0.451083344241099,0.0656245092891657,-6.87370235796294,6.25566637553499e-12,1.24696560930051e-11
"2543",929.273923210311,0.695331067790821,0.101287112952041,6.8649510043796,6.65140779019911e-12,1.32496751719546e-11
"474",2025.00243154306,0.53293053972764,0.0776621298461301,6.86216745257336,6.782349170948e-12,1.35015227674494e-11
"976",4427.70286369649,-0.417406512146702,0.0609113669881909,-6.85268666237003,7.24757217591947e-12,1.44180425201802e-11
"2530",455.15492216805,-0.733456743940227,0.107276091206832,-6.83709422751152,8.0815588786371e-12,1.60664612391244e-11
"104",1309.44393894393,-0.603394616084719,0.0884218143237914,-6.82404699224052,8.85109077698575e-12,1.75846371877433e-11
"1969",968.120875175075,-0.718182110791157,0.105394911143071,-6.81420101788638,9.47890865675544e-12,1.88194390849451e-11
"2485",11793.9731030854,-0.346359579898076,0.0509534972719566,-6.79756245286627,1.06404028678988e-11,2.11114624540803e-11
"2537",34.7016912392986,2.52416877056245,0.37164487194618,6.79188376081774,1.10678712546062e-11,2.19450436009158e-11
"2158",4741.11765072178,-0.430533635244772,0.063473458673503,-6.78289231817925,1.17793436957358e-11,2.33402624752593e-11
"302",13684.4339461633,-0.616936131267022,0.0910113778029146,-6.77867038342172,1.21286882866012e-11,2.40165687316419e-11
"2265",8108.65690575704,-0.379995578778387,0.0560752342739582,-6.77653127442857,1.23095424928795e-11,2.43585655679202e-11
"2370",2363.05017885238,-0.42552814497117,0.0628456718483034,-6.7710016053024,1.27893855265653e-11,2.52913691311853e-11
"288",257.23255982279,-0.841679904406852,0.124398140112625,-6.76601678807121,1.32376191268919e-11,2.61604732018895e-11
"1030",727.389259980095,-0.569939152254345,0.0843230342689169,-6.75899719686007,1.38950082875107e-11,2.74414949150046e-11
"2849",105.801048219037,1.27152219818827,0.188200494470884,6.75621071965349,1.41647370128614e-11,2.79557342628505e-11
"2122",35.6501631485016,2.36982170667185,0.351458682051137,6.74281737142303,1.55344424926348e-11,3.06387949492177e-11
"1401",3971.77836773829,-0.40787509279329,0.0605828340210983,-6.73251919266842,1.66750383137371e-11,3.28667421835978e-11
"2092",868.612888166756,-0.563422044817193,0.0836974273733845,-6.73165308061021,1.67746219933347e-11,3.30412567505316e-11
"1034",458.273077714063,-0.669555191872469,0.0994958866783589,-6.72947610424284,1.70275046494655e-11,3.35172986257899e-11
"1952",805.955545670869,0.649507683778557,0.0965404881818228,6.72782680107526,1.72215733983141e-11,3.38770201234422e-11
"1568",202.930683574246,0.953269588183296,0.142115284672836,6.70772035800243,1.97688303230903e-11,3.88622472580066e-11
"2066",6443.19996820287,-0.413734945126813,0.061831594881215,-6.69131931533776,2.21167464241155e-11,4.34493140518409e-11
"2434",2007.90278954625,0.564448907450729,0.0843743024769997,6.6898201333824,2.23445062867015e-11,4.38679545996134e-11
"2819",1140.53913571704,0.497434998645467,0.0746073491372523,6.66737264354956,2.60423272093072e-11,5.1094192137867e-11
"197",4074.00242141104,-0.497424052042309,0.0746854913521896,-6.66025011064918,2.7336198345257e-11,5.35975789311986e-11
"131",10934.6910314849,-0.482999199289993,0.0725374365993065,-6.65861963055103,2.76411254286643e-11,5.4159952378889e-11
"1676",279.103338412416,0.796623166842084,0.11991401321229,6.6432866810302,3.06764340379726e-11,6.00679912576008e-11
"2266",4905.53383299295,-0.457796993024147,0.0689722705393666,-6.63740644528811,3.19250456002267e-11,6.24720316781414e-11
"1102",207.044211692618,-0.901597809946162,0.135932711907626,-6.63267728049778,3.29652039129746e-11,6.44652876520392e-11
"1054",987.464930995218,-0.539881020830951,0.0814103794436819,-6.63159936755275,3.3206887452631e-11,6.48954978826073e-11
"1283",77.6972434159654,-1.49391118241001,0.225448701774123,-6.62639070730495,3.43993947910648e-11,6.71821078426018e-11
"2720",103.58769068712,-1.32907564601541,0.200618427658737,-6.62489314429401,3.47499462232222e-11,6.78224651662629e-11
"1005",1337.07665436278,0.519623949930577,0.0784676053302551,6.62214614226571,3.54020783277217e-11,6.90502075336007e-11
"987",397.575257971714,-0.697938315314742,0.105737449050348,-6.60067290806696,4.09295703697029e-11,7.977933195189e-11
"15",1225.3311534714,0.538328085133641,0.081567470863214,6.59978885500078,4.11743771178025e-11,8.02042554273861e-11
"2381",495.555386015899,0.631661665851572,0.0957372940254093,6.59786421040817,4.1712303572161e-11,8.1199227253029e-11
"2309",2407.74516921839,-0.461824933871433,0.0700782406511599,-6.59013310808323,4.39432425729507e-11,8.5486464095103e-11
"1275",91.0056172940495,-1.35679627377631,0.206283196502847,-6.57734753377055,4.78914517983639e-11,9.31067081096198e-11
"1999",114.503076987376,1.18966753967124,0.18089706351831,6.5764889519659,4.81686772165187e-11,9.35848585920934e-11
"1028",1497.37234347674,0.487214742459898,0.074204346407521,6.56585181391095,5.17362472550367e-11,1.00450909660655e-10
"2431",7013.90960625807,-0.539131121689018,0.0821672404053198,-6.56138771400326,5.33093104976704e-11,1.0343803956487e-10
"2121",50.7797567718951,1.96407204678021,0.299445500771189,6.55903007967043,5.41588783649987e-11,1.05018382416122e-10
"400",39.9280162910194,-2.16699015847073,0.331081707569307,-6.54518237923822,5.94228228196347e-11,1.15150962355147e-10
"557",2600.97579803428,0.411701916100334,0.0629322844120354,6.54198270326253,6.0708525797395e-11,1.17566284262657e-10
"2466",1270.98866600376,0.509367414713836,0.0778637279661267,6.54178046722124,6.07906968230779e-11,1.17649265779204e-10
"1493",98.1122518294483,-1.27400363291923,0.195411698681043,-6.5195873200954,7.05010879472728e-11,1.36353752513407e-10
"1332",2242.47975919449,0.430958320885048,0.0661481435732643,6.51504785478564,7.26664878556191e-11,1.40450989447036e-10
"2028",2544.23616149893,0.44566208560773,0.0684515255240325,6.51062313361099,7.48396915770215e-11,1.44558009811781e-10
"2008",1099.41367149283,-0.527180832943597,0.0809923834889441,-6.50901739440178,7.56439643574955e-11,1.46017252488791e-10
"1460",50.3964258793591,-1.84456287441874,0.283562777406223,-6.50495418083833,7.77170643773865e-11,1.4992228021737e-10
"2009",3789.88783122288,-0.406181513882376,0.0625000272580051,-6.49890138776463,8.09086723764883e-11,1.55978574581477e-10
"287",354.702673503155,0.761122406106616,0.117279755455503,6.48980212442029,8.59491841851055e-11,1.65589155880126e-10
"1411",7998.09419200695,-0.370562815801851,0.0571013125656002,-6.48956738737196,8.60831971311635e-11,1.65740621503501e-10
"2711",31.4221064760585,2.4042719565588,0.370753593734302,6.48482441489645,8.88351800316891e-11,1.70929169552935e-10
"1290",608.806603329599,0.583721147155138,0.0904045876618949,6.45676466484425,1.06965035983228e-10,2.05680840399626e-10
"1700",238.756088363823,-0.840976348709671,0.130494943892824,-6.44451289546029,1.15972274158291e-10,2.22857446552092e-10
"853",5588.69243429637,0.392302591318276,0.0609717380022102,6.43417104665863,1.24148992994792e-10,2.38417064852642e-10
"2002",22.3394363875369,-4.08354534949384,0.634853988989187,-6.43225910259405,1.25721188568066e-10,2.41281460035698e-10
"2755",187.721204162038,-0.913379827045367,0.142395012222651,-6.41440885314993,1.41370340084636e-10,2.71141062521303e-10
"1557",761.974380666214,0.554543365039435,0.0864716771185637,6.41300577851734,1.42678109571968e-10,2.73473993490921e-10
"444",1293.33360501267,1.24641397056027,0.19480281921199,6.39833640807776,1.57078912969211e-10,3.00883551602996e-10
"1793",2052.01364093222,0.435207771384801,0.0681306690713565,6.38783938741284,1.68245908153778e-10,3.22067662953361e-10
"395",344.059307063614,0.742733385307063,0.116434910932556,6.37895781736189,1.78297134105229e-10,3.41090169592611e-10
"1937",144.680690682057,-1.08828886649578,0.170902356596595,-6.36789853673359,1.91635612556174e-10,3.66373004963625e-10
"2553",12022.3369259565,-0.492487227979563,0.0774111548377462,-6.36196719984111,1.99185984511362e-10,3.80564792885053e-10
"2608",905.358705169656,-0.642095006916851,0.101166791869325,-6.34689501418839,2.19703950228473e-10,4.19498544405609e-10
"2972",369.637673287627,-0.691704659815376,0.109002542007455,-6.34576631954203,2.21320965277472e-10,4.22316535784563e-10
"1500",1706.39149584708,-0.444500335934959,0.0702149753826833,-6.33056315283682,2.44268014132419e-10,4.65806181188144e-10
"1875",39.9054138840855,-2.08628002547505,0.329902980170692,-6.32391991244093,2.55009929479023e-10,4.85980706370214e-10
"195",1456.65194203931,-0.435061681337841,0.0688637185350299,-6.31771984715772,2.65450661732035e-10,5.05555938830204e-10
"2722",30.9020835679384,-2.79334828728734,0.44216530467338,-6.31742983396388,2.65949122609375e-10,5.0618306287993e-10
"448",760.250846902666,0.619606238256901,0.0981131151751636,6.31522337406884,2.69771531654291e-10,5.13131864405365e-10
"2982",903.330131667308,0.528190689325731,0.0836430241530843,6.31482056840785,2.70475108928726e-10,5.14143282029699e-10
"2948",165.527889324496,0.970969218799049,0.153889133213665,6.30953725271115,2.79870997760413e-10,5.31666047808988e-10
"999",345.136026571676,-0.705388708797325,0.111948507872344,-6.30101036810321,2.95711610179973e-10,5.61401737092943e-10
"1361",4973.38184013423,-0.367206594325377,0.058415957213073,-6.28606654489947,3.2561041787988e-10,6.1777195326354e-10
"2206",1835.90713682092,0.458165906773839,0.07289262128017,6.28549088683247,3.26819336859946e-10,6.19672658989201e-10
"2850",77.0927956026151,1.37689898879737,0.219070373720932,6.28519030396764,3.2745232070568e-10,6.20479634928052e-10
"413",92.7414355671958,1.33220545726347,0.212095923395221,6.28114598308911,3.36086368155323e-10,6.36436970582738e-10
"2419",479.935141108193,0.620363025674368,0.0989946625032656,6.26663104845581,3.68942906281542e-10,6.98214532317756e-10
"1046",6730.05712882403,-0.396105809595988,0.0632757433701846,-6.25999456503631,3.84990889705281e-10,7.28124362830721e-10
"2107",24.468232628762,2.77683725284626,0.44373660713047,6.25785028376034,3.90320250298084e-10,7.37737327158475e-10
"1562",568.936569496191,0.654897296377555,0.10472379450939,6.25356729524189,4.01181576439042e-10,7.57787422162635e-10
"2430",2291.67440642972,-0.586129691894414,0.0938326503138956,-6.24654307358528,4.19636334795357e-10,7.92146317796661e-10
"2404",12209.3223030739,0.414862881787452,0.0666321518837069,6.22616664867003,4.77985644619611e-10,9.01723233733844e-10
"824",3212.86615307196,0.385862178493254,0.0620229389195554,6.22128175824952,4.93109712511477e-10,9.29668720752576e-10
"968",26514.3598102593,0.325337565286851,0.052323232943778,6.21784142498287,5.04040553240253e-10,9.49678422729746e-10
"688",844.642979281986,0.539563851422249,0.0870668619880517,6.19712068520735,5.75054083088851e-10,1.08279535343099e-09
"953",19.8459268545481,4.9442943534872,0.797959883038134,6.19616907890458,5.78539780426266e-10,1.08867359939333e-09
"8",1614.01619392617,0.411549080652913,0.0664243454494922,6.19575665921838,5.80056853728321e-10,1.0908423044344e-09
"1061",648.254623345849,-0.546447030891925,0.0883132617404509,-6.1875987832712,6.1087566773708e-10,1.14807788810888e-09
"1365",8765.42705090183,-0.325266707663623,0.0526317000770313,-6.18005322244134,6.40799948923935e-10,1.20356148598896e-09
"2035",430.420820182241,0.650467409484788,0.105291242547888,6.17779212918819,6.50042224447109e-10,1.22015453923824e-09
"2052",2073.05519317015,0.40998788219652,0.0664028602112876,6.1742503393977,6.64781370408307e-10,1.24703815690386e-09
"369",223.580475338983,-0.838756003142069,0.136364606001707,-6.15083361977058,7.70767433879128e-10,1.44494747002904e-09
"455",1771.20938862686,0.41361688632535,0.0672826667653169,6.14745084002173,7.87380919241925e-10,1.4751682594689e-09
"2958",635.06412134105,0.543143139998963,0.0884304757130795,6.14203571358407,8.14705335092524e-10,1.52540573379026e-09
"1108",205.756952771046,-0.869872563495839,0.141648315646013,-6.1410724125354,8.19662051211432e-10,1.53372661489969e-09
"2777",235.828190367798,0.901809414591897,0.146959052476136,6.13646726348034,8.4376741489597e-10,1.57784506585546e-09
"2446",1406.08714772082,0.488328698876454,0.0796035581042864,6.13450843788551,8.54229103365729e-10,1.59641066662727e-09
"2814",659.414269675573,-0.574119199491351,0.0937173427802973,-6.1260721063898,9.00749977003782e-10,1.68229958251892e-09
"98",146.545577560915,0.994016378236118,0.162362331568215,6.12221054375838,9.22859658937228e-10,1.72251784126025e-09
"509",696.789030263502,-0.5484641065116,0.0897598852426389,-6.1103476795786,9.9414321995597e-10,1.85441179183807e-09
"2887",213.337919743629,-0.831574782377589,0.136141202621017,-6.10817861432063,1.00774539654996e-09,1.87861322521961e-09
"634",57.4065355686195,-1.69768417434247,0.2790269698969,-6.08430136688853,1.17000351633888e-09,2.17973257838477e-09
"1272",85.8257796938073,-1.2905159679825,0.212761264784403,-6.06555882853122,1.3149562657179e-09,2.44825709211447e-09
"1947",612.348810359488,0.54148470181704,0.0894044024487091,6.0565776067648,1.39048072340957e-09,2.58726263957801e-09
"2242",1711.59640416978,-0.454396790029367,0.0750484632906595,-6.05471145051308,1.40669586005509e-09,2.61580734200425e-09
"1922",1842.49321749732,0.400774037322843,0.0662360756908926,6.05069115497054,1.44225713881122e-09,2.68026916728146e-09
"2129",20.6219976408472,5.42855380530698,0.89930753043611,6.03637089825597,1.57618743085466e-09,2.92734499883125e-09
"1786",512.821811401814,-0.579743527618733,0.0960570351906166,-6.03540934267109,1.5856022803006e-09,2.94300373614107e-09
"2053",2546.96707313387,0.400076087595209,0.0663265528230178,6.03191437768145,1.62028626833424e-09,3.00551550828026e-09
"612",94.1746292392834,1.20651262561603,0.20050506222433,6.01736740325366,1.77276418516586e-09,3.28631378067921e-09
"793",8032.91149171782,0.318306410137324,0.0529200676249865,6.0148526716363,1.80050375343706e-09,3.33567011163076e-09
"967",897.28244010233,-0.501407327770025,0.0834044709102732,-6.01175599218704,1.83524419358831e-09,3.39792736832688e-09
"2743",92.4613944972213,1.25839314458709,0.209338720229984,6.01127752765755,1.84066982749995e-09,3.40586525904752e-09
"944",22.39991643742,3.10075014134278,0.516025510475569,6.0089086264071,1.86776348173225e-09,3.45386176597213e-09
"502",4631.82298932733,-0.352908186260389,0.0587388745800152,-6.00808559550542,1.87726731460418e-09,3.46929203538957e-09
"354",894.493526340775,-0.47244463540348,0.0786396893354617,-6.00771238284173,1.88159244668165e-09,3.47513864226636e-09
"2226",1886.96262409412,0.442856528991863,0.0738514766896118,5.99658326201291,2.01512311341957e-09,3.71946227967387e-09
"720",13731.3693560925,-0.310645663801728,0.0519553578850277,-5.97908813349256,2.2439013749957e-09,4.13918182120045e-09
"1498",1440.91027897058,-0.417867152557647,0.0699626725866318,-5.97271569407557,2.33336335439627e-09,4.30155462498684e-09
"233",1387.90360593361,0.501648244292479,0.084006872224545,5.97151436553435,2.35061358766728e-09,4.33068710240179e-09
"1590",483.576194649626,-0.593527006897469,0.0999452517405593,-5.93852130602625,2.87604280491858e-09,5.29545850604085e-09
"1893",184.762719407617,-0.92251719291727,0.155377110058383,-5.93727861568948,2.89791961929885e-09,5.33245725765201e-09
"674",2093.21261428285,0.40495381632878,0.0682362351629028,5.93458615297311,2.94587612516452e-09,5.41737023140273e-09
"264",53.5700413463645,-1.60069484223688,0.270223439456637,-5.92359732174066,3.14974180016153e-09,5.78871465975633e-09
"692",1078.51864117637,0.594627738325252,0.10039077530076,5.92313124929865,3.15868540166986e-09,5.80158792007134e-09
"1533",22801.4653980552,0.314235163590298,0.0530877770434156,5.91916220815412,3.23585704609592e-09,5.93968360853926e-09
"1854",113.558570019098,-1.12004011460944,0.18986401108999,-5.89917019123005,3.65334250479672e-09,6.70190114920404e-09
"706",923.777669302603,0.537923730579068,0.0912667267238078,5.89397417754378,3.77016112096017e-09,6.91196205509364e-09
"2545",5289.70941607772,0.32708765109845,0.0555962028396517,5.88327321637096,4.02231113383327e-09,7.36972131808275e-09
"2532",689.26512507883,-0.512287143325264,0.0870835132279203,-5.88271102458251,4.03600248806148e-09,7.39028117764991e-09
"2443",11005.0424416581,-0.392414597999453,0.0667944732917087,-5.87495609532958,4.22955430019615e-09,7.73995502519074e-09
"1645",339.56250860696,-0.661863793047541,0.112882137309346,-5.86331733987057,4.53709913110421e-09,8.2976776285231e-09
"1981",393.01030743497,-0.696397384045299,0.1188483932378,-5.85954395405162,4.64140027742374e-09,8.48324351255458e-09
"398",20.3745062037734,-3.23592685456283,0.55338858457261,-5.84747670041292,4.9908571641622e-09,9.11638866616197e-09
"1687",333.422669921525,0.714334601122005,0.12235984307418,5.83798232471536,5.28367610154546e-09,9.64536845382796e-09
"1807",283.493286577624,0.696021615893568,0.119327436238301,5.83287161641177,5.44814878467192e-09,9.93954949008439e-09
"794",1002.67350393994,0.456042296638607,0.0782489453973897,5.82809511773714,5.60636230034916e-09,1.02219597822332e-08
"260",755.782809130889,0.50430884126083,0.0867390823226759,5.81409011666463,6.09645672561909e-09,1.11087688934545e-08
"1402",1356.33350693217,-0.453443310430079,0.0781573738805623,-5.80167024448669,6.56575874932047e-09,1.19566343140395e-08
"167",2511.64311320097,0.374156010414742,0.0645650166057817,5.79502693694401,6.83102160523253e-09,1.24321269117127e-08
"551",234.674513899652,-0.738752334286193,0.127484961525284,-5.7948194473093,6.83947216976469e-09,1.24399396546723e-08
"3000",88.6013656700493,-1.18500363831581,0.204629254389449,-5.79097862547314,6.99774831099468e-09,1.27200868447728e-08
"2901",964.469721150833,0.529944916905422,0.0915257001830964,5.79012141775776,7.03355610893065e-09,1.27774134049305e-08
"2455",585.903377387272,0.555076713925244,0.0959348093227171,5.78597818501947,7.20915701086824e-09,1.3088469524586e-08
"1172",16497.5928178315,-0.294348030534339,0.0508761567100355,-5.78557913114293,7.226293302245e-09,1.31116249607744e-08
"2983",1826.84097555841,0.380158840712609,0.0659325160142821,5.7658779566407,8.12338302981653e-09,1.47304012274006e-08
"1308",485.999513450471,0.551133741124007,0.0960370348293316,5.73876257324513,9.53708113088792e-09,1.72834323098829e-08
"1153",4983.10807190432,-0.373311574574485,0.0651111701113486,-5.73344902166669,9.84086534090751e-09,1.78231653147671e-08
"330",148.732335162174,0.923829700992856,0.161164112964259,5.73222961365928,9.91189649981697e-09,1.79409524062023e-08
"1353",728.745315751025,-0.558612452240597,0.0977299299025139,-5.71587898198449,1.09138391262408e-08,1.97425675125227e-08
"678",2704.48271619874,0.42712751148344,0.0748540215575826,5.70613979844578,1.15567091679567e-08,2.08928542782637e-08
"2254",16.7863360388627,3.83909108100894,0.673438386689815,5.70073099022378,1.1929476348981e-08,2.15537398769029e-08
"2244",867.866548228822,-0.525237774848843,0.0922549997094033,-5.69332585229315,1.24588285586572e-08,2.24965691294522e-08
"1011",426.83165709757,-0.609896496465752,0.10715471187739,-5.69173754266277,1.25753050599657e-08,2.26931922433157e-08
"2874",57.4444471455312,1.44768363246814,0.254485162474666,5.6886759856275,1.2802812707026e-08,2.30898225554079e-08
"2059",3712.64922897253,0.383613778260864,0.0677574876353468,5.66157028025262,1.49994051859122e-08,2.70350724796683e-08
"1787",129.975881643174,-0.974571171362579,0.172327362733716,-5.65534779794956,1.55531002381921e-08,2.80161805615116e-08
"1083",147.991814991467,-0.923812379334658,0.163424428374658,-5.6528414296593,1.57816889678034e-08,2.84108383824716e-08
"425",656.725001218274,-0.531155284268307,0.0940742503414083,-5.64612826932633,1.64101429672022e-08,2.95244424280631e-08
"1181",1573.01525961483,-0.402720190636307,0.0713462673427803,-5.64458668456268,1.65578540133413e-08,2.97722951970657e-08
"1758",934.309550359722,-0.535185640816677,0.0951405276613325,-5.62521203079463,1.85280252361355e-08,3.329480570962e-08
"986",4140.20645478347,-0.405764526587697,0.0722256417194405,-5.61801206507633,1.93167014332011e-08,3.46912189004427e-08
"2478",2226.19941116782,0.455460346303576,0.0815808486456607,5.58293219382686,2.36496967468846e-08,4.24474461107851e-08
"1912",1412.55384380208,-0.411525449943816,0.0737317919399483,-5.58138408298807,2.38612058691701e-08,4.28013956598063e-08
"1588",433.068795741953,0.574759211093544,0.103358593741393,5.56082653883246,2.68499965536633e-08,4.81337265959021e-08
"1516",4586.10074843935,-0.363943883485595,0.0656060094943044,-5.54741686456621,2.89920936454355e-08,5.19427210701456e-08
"689",340.404118977081,-0.60644655811521,0.109525709470074,-5.53702469538361,3.0765318592589e-08,5.50576476370501e-08
"2011",1702.08043020871,0.411525616531225,0.0743226852450745,5.53701222142668,3.07675089736457e-08,5.50576476370501e-08
"2189",80.4843653060495,1.16676519189818,0.210910950149405,5.53202757406227,3.16550125691909e-08,5.66119531422709e-08
"97",374.06092246748,0.587881675841753,0.106284360457858,5.53121525414691,3.18019778731803e-08,5.68408111090534e-08
"738",70.423838508041,-1.39552483869559,0.252504226402241,-5.52673853653644,3.26238596188859e-08,5.82749778983324e-08
"2368",74.1419158221368,-1.27040657946245,0.230223985706214,-5.51813302843084,3.42620041378294e-08,6.11646279119245e-08
"2440",4078.73500258033,-0.372249329605585,0.0675985599790264,-5.50676419321775,3.65489299524241e-08,6.52083472973481e-08
"307",223.387333798544,0.792234142688412,0.144520621975445,5.4818068996618,4.21003614839324e-08,7.50681058164039e-08
"1948",2778.22418519749,0.330970680448484,0.0604082098051473,5.47890231337864,4.27972548078419e-08,7.62652688416099e-08
"2255",23.3773107827291,2.47365486685278,0.451780168539417,5.47535071061216,4.36645950156512e-08,7.77645644564454e-08
"774",44.354441537318,1.59411741639607,0.291700286521489,5.46491549736151,4.63127371624983e-08,8.24317130221267e-08
"268",246.986821369621,0.708128693442488,0.129623402318088,5.46296950071393,4.68235072088828e-08,8.32912803620555e-08
"536",217.787859489711,0.717607587595471,0.131366950426122,5.46261891037074,4.69161061322999e-08,8.34064109018665e-08
"1658",434.284357892179,0.574896498789865,0.105259201671561,5.4617220125202,4.71538060607731e-08,8.37792088680719e-08
"2459",69.8377294175493,-1.26918230879243,0.232752948284373,-5.45291614197628,4.95504395721356e-08,8.79851128782372e-08
"3059",36.3883906994292,1.7672324596884,0.324347726052491,5.44857360708734,5.07753775028146e-08,9.0106719744022e-08
"2800",250.488201928951,0.73435397202023,0.136022655570487,5.39876220575394,6.71022433364922e-08,1.19010024933482e-07
"704",6785.50930384553,-0.402933013769128,0.074640424706992,-5.39832155766636,6.72672257326515e-08,1.19231954616169e-07
"2160",350.882540232438,0.601230834034517,0.111413380090983,5.39639703546861,6.79924006314771e-08,1.20445981462036e-07
"1074",1469.24682834297,0.404707531210322,0.075070835866262,5.39100872582936,7.00632721292186e-08,1.24041011958948e-07
"1684",372.642877451058,0.566418431863603,0.105518825001716,5.36793725531335,7.9642248585605e-08,1.40916385433548e-07
"446",4425.3658457969,0.34738358639789,0.0647658685925571,5.36368296985694,8.15419712305178e-08,1.44192421939544e-07
"1728",322.761131637114,0.60777105011622,0.113355501958242,5.3616369705646,8.24711532679657e-08,1.45749374233759e-07
"676",814.209794354191,-0.475188921628524,0.0886320010427315,-5.36136966375638,8.25933042052778e-08,1.45879082752179e-07
"1727",2810.73044230583,0.332889359278349,0.0622541112155724,5.34726707647669,8.92922096640573e-08,1.57617870982218e-07
"3021",585.50233254195,0.517481851202216,0.0969752326160976,5.33622696478395,9.49005990147597e-08,1.67418981280755e-07
"2907",335.457700577603,-0.61684423505164,0.116014871822983,-5.31694105556422,1.05526234273251e-07,1.86054503798212e-07
"1469",55.1961769427062,1.5006512719132,0.282267207209625,5.31642087208077,1.05828211884393e-07,1.86477037666728e-07
"1477",1858.03904055199,-0.396675408174852,0.0746173463770106,-5.31612858718688,1.05998256320632e-07,1.86666735086127e-07
"2090",179.921053345713,0.771212371291185,0.145204545891224,5.3112136852032,1.08897552343716e-07,1.9165969212494e-07
"2418",337.245614424104,0.605884992092035,0.114273719102876,5.30205017259116,1.14509358350257e-07,2.01417989526142e-07
"743",120.635244024469,-0.945305424956387,0.178408315802515,-5.29855024248294,1.16725759745986e-07,2.05195930176257e-07
"2831",40.690822048355,1.62630252781171,0.306955321111368,5.29817343424277,1.16966841641616e-07,2.05498996002181e-07
"2476",201.678433648266,0.721878554405323,0.136372248802777,5.29344174304341,1.20035492831616e-07,2.10766546098706e-07
"2704",55.4513026478559,1.34084491446885,0.253394196473393,5.29153758503558,1.21292256355067e-07,2.12848346635989e-07
"825",2755.23069438484,0.339353443451814,0.064223727721537,5.28392629159104,1.2644414244861e-07,2.21759011844221e-07
"913",14.3383798780437,4.8957238032315,0.926807734084618,5.28235104562099,1.27536519740928e-07,2.23543800272323e-07
"1280",151.775990984305,-0.820560970211548,0.155522218062062,-5.27616555651297,1.31914922622931e-07,2.31082815273893e-07
"822",6303.93214826607,0.319028340246911,0.060538466276961,5.26984510620684,1.36538929716663e-07,2.39042994565392e-07
"2735",18.6302491366105,2.81987689025488,0.536129199830263,5.25969652678431,1.44293339774058e-07,2.5247115356958e-07
"1105",4031.46195863031,-0.313896173424849,0.0598057018500606,-5.24859944310697,1.5325990366649e-07,2.68003291507971e-07
"2169",189.941240224777,0.761979103285953,0.145345029787253,5.2425535596318,1.58369399808177e-07,2.7677642770214e-07
"2193",34.5752713105674,-1.78296951207864,0.340110318096494,-5.24232702511773,1.58564015434402e-07,2.7695477768811e-07
"2772",188.548273037511,0.745865480215629,0.142444331987921,5.23618925236616,1.63925869015684e-07,2.86152975551299e-07
"2457",474.860731915397,0.550556890813911,0.105267010961098,5.23009901950547,1.6941926986797e-07,2.95569944865869e-07
"2871",329.092200218206,0.609207864427792,0.116594525320244,5.22501260461856,1.74143246442198e-07,3.03634378412037e-07
"99",237.540830162133,0.664924345823102,0.127399768964504,5.2191958527677,1.7970165567074e-07,3.13143479188616e-07
"1966",1271.98303417779,0.400736514583825,0.0768487981704228,5.21461004107229,1.84204328221776e-07,3.20802881280299e-07
"1972",1828.37350956839,-0.408508046099273,0.0784924963682629,-5.2044216326447,1.94601723031792e-07,3.38713412048355e-07
"377",3480.75223821605,0.35443281177244,0.0681152023140974,5.20343182918339,1.95641539973556e-07,3.40325283488883e-07
"1212",3901.98179042871,0.307745180932812,0.0591452179290559,5.20321323867552,1.95871898455712e-07,3.40528018698135e-07
"19",53.4755269898784,1.34111824267465,0.258101129853381,5.19609597771421,2.03517213829376e-07,3.53614113691923e-07
"1817",80.9939853516653,1.09268368821101,0.210791713970938,5.18371271634358,2.17511890414763e-07,3.77710723227493e-07
"2764",126.056850020713,-0.987640442260139,0.191009140971244,-5.17064490860585,2.3328748891961e-07,4.04870166384845e-07
"1855",1366.79659988699,0.382275447116163,0.0739375154673841,5.17025010510119,2.33780900584897e-07,4.05491278000007e-07
"2316",10661.6364132544,-0.28727963175954,0.0556202262439197,-5.16502091342976,2.40412041169097e-07,4.16751348307032e-07
"2227",5872.81976056207,-0.342288800219756,0.0663844473890083,-5.1561595175142,2.52066183541984e-07,4.36700649193755e-07
"1621",1160.41231199,-0.39282623772742,0.0763376882952214,-5.14590167059081,2.66238861490782e-07,4.60987658322002e-07
"2376",221.342318776426,0.881747111252331,0.171616843610704,5.1378821140219,2.77852084776723e-07,4.80817488520506e-07
"902",18.316985071539,2.57335916571839,0.501424235508137,5.1320996942052,2.86527654547135e-07,4.9554378173701e-07
"1029",931.416380464366,0.421840664118902,0.0824028047794925,5.11925128334813,3.06751018339959e-07,5.30213198655782e-07
"1277",71.9691420152992,-1.1525134499931,0.22586031226713,-5.10277099338284,3.34715947034363e-07,5.78216000881532e-07
"834",3399.00759168654,0.310297941919744,0.0610110080766788,5.08593369789532,3.65821843966335e-07,6.31222005275244e-07
"842",7861.12087124511,0.281281776363619,0.0553055392196182,5.08596029136701,3.65770581617058e-07,6.31222005275244e-07
"403",108.704310013505,-0.931660534449387,0.184056990739166,-5.06180466554338,4.15306414695878e-07,7.16194116870356e-07
"475",1321.03186834835,-0.370055774394797,0.0731156371270308,-5.06123982414137,4.16538866501756e-07,7.17905696182751e-07
"1715",492.795431714672,0.483121277977942,0.0954779787333588,5.06002833728973,4.19194174006896e-07,7.22066188041816e-07
"1989",41529.5125153729,0.326924183152079,0.0646502440289514,5.05681282510978,4.26321292856046e-07,7.33920200359776e-07
"424",3754.55790220682,-0.353175361971946,0.0698748087504906,-5.05440184077021,4.31741735631054e-07,7.428241937942e-07
"219",78.2878124165682,-1.08267856261482,0.214346073355851,-5.05107719336377,4.39325470570584e-07,7.55437820659304e-07
"2458",59.5844043097825,-1.25319114032212,0.248361487659186,-5.04583521436227,4.51544460814011e-07,7.76002887280598e-07
"138",6278.765451569,-0.330909562620576,0.0658029115810305,-5.02879818947054,4.93563511646057e-07,8.46931485958988e-07
"664",1941.61525171326,0.320392212920849,0.0637119917020647,5.02875839165558,4.93665946361122e-07,8.46931485958988e-07
"1201",1340.21717289396,-0.36488576726224,0.0725585755628575,-5.02884413636455,4.93445275446534e-07,8.46931485958988e-07
"2908",24.7089568530427,-2.06315276369155,0.410961271188145,-5.02030947521331,5.15882971587854e-07,8.84539742688172e-07
"2634",93.0167732515516,-0.983043047201231,0.195820544856058,-5.02012211192568,5.16386422080321e-07,8.84895861892509e-07
"1492",36.9540231499859,-1.61768779081328,0.322414246040975,-5.01742032393845,5.23699089187254e-07,8.96913379993282e-07
"1677",69.6258056640604,1.23018974030323,0.245494402868501,5.01107041923957,5.41281011755032e-07,9.26494729502892e-07
"1246",52.3534760495152,1.33690731845237,0.266889523757046,5.00921617166726,5.46521599881892e-07,9.34930032502357e-07
"518",2473.50514388499,0.345468690839017,0.0690743035753871,5.00140678887881,5.69134821237746e-07,9.73057934367621e-07
"693",3427.29750939165,-0.314314516367001,0.0630406956068359,-4.98589860631104,6.16744840084693e-07,1.05385526072724e-06
"1971",771.039415535167,-0.448431434664637,0.0900750433667734,-4.97842041372864,6.41052928479638e-07,1.09476618836249e-06
"1306",101.001931327678,0.982967684471598,0.197738218889883,4.971055620861,6.65893409722144e-07,1.13653912258337e-06
"1839",7625.42140897452,0.33057916178117,0.0666349787924117,4.96104550150793,7.01147636168544e-07,1.19602835086447e-06
"2224",172.966564982924,-0.78316768558161,0.158309757260805,-4.94705884926216,7.53432037873563e-07,1.28448356542319e-06
"65",333.404938025442,0.544050427483401,0.110302795957805,4.93233578314299,8.1252082320567e-07,1.38443183543927e-06
"2536",27.0508150757827,1.89048956568409,0.383537852348957,4.92908210781775,8.26168500729022e-07,1.40688454990395e-06
"3004",125.737454198435,-0.906556042674469,0.184234034593426,-4.9206762728455,8.62456832535529e-07,1.46784462056104e-06
"2190",286.211620994224,0.587389111318743,0.119555599231472,4.91310415484176,8.96456226587057e-07,1.52484197268248e-06
"2417",124.77295768054,0.831980914699325,0.169419947168946,4.9107612686815,9.07234868587059e-07,1.542299276598e-06
"1964",524.657610604483,0.469598971402016,0.095826974613967,4.900488336335,9.55987334660946e-07,1.62425559642564e-06
"2130",7.25229921736296,6.39912136972548,1.30603264472279,4.89966418188858,9.60005996021709e-07,1.6301577412582e-06
"1747",139.086402044362,-0.801778090647578,0.164186213835576,-4.88334600035613,1.04300614928196e-06,1.77009324937699e-06
"331",43.7645621793054,-1.46964347358756,0.301413975336105,-4.87583056475323,1.08351582973428e-06,1.83780009215702e-06
"2301",1058.21864122013,0.369405537833886,0.0758952717919519,4.86730634349027,1.13129597097515e-06,1.91775498309216e-06
"476",339.500066982126,0.533997661627304,0.109751358402536,4.86552211653505,1.14155044117978e-06,1.93404242356167e-06
"2213",230.396438989264,-0.850176669409428,0.174854930785312,-4.86218298558179,1.16098221382229e-06,1.96585103777944e-06
"457",234.84713074294,0.628589658287228,0.129371496400391,4.85879560627334,1.18101977319663e-06,1.99864884694814e-06
"2336",185.09605486353,0.711175402235075,0.14678963206826,4.8448612631195,1.26700181829079e-06,2.14294485038217e-06
"624",806.856026269635,0.387986302315719,0.0803227177997464,4.83034330689622,1.36297840235431e-06,2.30397253098537e-06
"247",302.585173485991,0.581779073464449,0.121036739964499,4.80663204936855,1.5349411371297e-06,2.59319248011974e-06
"2402",1390.94794067587,0.345924268885901,0.0720606980297661,4.8004568141015,1.58304111448224e-06,2.67294526779394e-06
"773",21.5361436265876,2.04388968055346,0.425931431764415,4.79863548009752,1.59750232378042e-06,2.69584148491314e-06
"731",111.107137107977,-0.945081032921126,0.197154433092726,-4.79360782355136,1.63808352396001e-06,2.76276544740043e-06
"2450",405.165885144248,0.544526640717228,0.113620091316659,4.79252071008843,1.64698764082443e-06,2.77621804019533e-06
"1869",102.536110500367,-0.888059925453077,0.185334696737824,-4.791654995445,1.65411162369613e-06,2.78665651919979e-06
"1575",11128.3493909672,-0.30164217883876,0.063017678967683,-4.7866278761782,1.69606888730672e-06,2.85573332066501e-06
"3050",243.425784385543,0.625911563397344,0.130869444936478,4.78271733865115,1.72941235942162e-06,2.91023722125393e-06
"1107",247.985851167775,-0.600661467281727,0.125635094428821,-4.78100064327196,1.74424804308593e-06,2.93355263907426e-06
"2842",41.5111747404123,1.40743940371231,0.294720547192226,4.77550485407567,1.79256966954793e-06,3.01312834341989e-06
"697",3235.59425235958,-0.322144803511057,0.0677163726249843,-4.75726609420008,1.96232428567214e-06,3.29661665509884e-06
"2252",28.2063555444644,1.72269517657427,0.36216932663666,4.75660153931959,1.96879231916347e-06,3.30562660995348e-06
"2195",21.2907472550323,2.21980034918322,0.467899142587604,4.74418554585748,2.09346899049844e-06,3.51298890609722e-06
"1180",707.526799192978,-0.431835946544049,0.0912879675989376,-4.73048045544476,2.23989091647082e-06,3.75658835318425e-06
"237",1416.04253824911,-0.365907986294708,0.0773546942400619,-4.73026220178898,2.24230040732289e-06,3.75852258751265e-06
"1101",117.018119080129,-0.841027296407551,0.17805732892776,-4.72335118959784,2.31989727167891e-06,3.88641245065134e-06
"2689",64.9414946122315,1.12262572692401,0.237836206031575,4.72016328235144,2.35655400719156e-06,3.94561252910864e-06
"2274",1783.9734528104,0.338385272242447,0.0717136665891694,4.71856046882913,2.37519370808042e-06,3.97459707750371e-06
"2204",555.604455839035,0.433345584242931,0.0919161655710148,4.71457421608962,2.42216709242129e-06,4.05093568503325e-06
"662",3305.89666379845,0.308532698230863,0.0654689504030297,4.71265685995456,2.44507733212864e-06,4.08696725012788e-06
"2449",490.008997452407,0.470843440680755,0.100104180001433,4.70353426474312,2.55696159986882e-06,4.27159637454355e-06
"2984",124.446272055933,-0.827461418672853,0.176843633320558,-4.67905687717321,2.88197494972808e-06,4.81186888927814e-06
"1043",385.404526738648,-0.486636337751922,0.104031069854756,-4.67779806966655,2.89971888214717e-06,4.83879469904313e-06
"2559",338.599240339123,0.520520591328209,0.112458780079449,4.62854559653302,3.68242790660022e-06,6.14148511513258e-06
"1044",338.01496628351,-0.543902523446359,0.117700997213661,-4.62105280602695,3.81797570927431e-06,6.36400185077925e-06
"2697",67.7477674686825,1.06907719096585,0.231830784390303,4.61145483235729,3.99860548507928e-06,6.66137394841716e-06
"2884",71.3358131628825,-1.03265612683668,0.223941589667607,-4.61127443262964,4.00207771551682e-06,6.66344826089389e-06
"2713",779.61887127342,0.377814396259114,0.081996323705304,4.60769921364993,4.07149056697261e-06,6.77525015371637e-06
"3008",18.3350007994661,-2.25968475443157,0.491123665682984,-4.60105043256087,4.20365623541073e-06,6.99129486178372e-06
"2409",142.108417550747,-0.734546543375143,0.160772350835981,-4.56886112292109,4.90381566699814e-06,8.1512313753658e-06
"1219",16.5883445448943,-2.3764301895513,0.520304831508344,-4.5673805923772,4.93856837280672e-06,8.20444007298041e-06
"1019",220.037508633919,0.599039273391313,0.131689930101785,4.54886165501272,5.39368856531974e-06,8.95555837260636e-06
"1403",828.802925958611,-0.382709768064472,0.0841623706548023,-4.54727885023798,5.43439752451685e-06,9.0181460861644e-06
"2175",1057.52811777155,-0.391510145079124,0.0862827630306137,-4.53752442930245,5.6918438681166e-06,9.44013129346168e-06
"2822",35.4059042160855,-1.52733489434211,0.337467940008627,-4.52586664766751,6.01485006586598e-06,9.97032210364046e-06
"1284",19.6261285722263,-2.27052933455151,0.502197859080755,-4.52118481490061,6.14944692872022e-06,1.01843189335392e-05
"1496",275.327151844127,-0.578765580926181,0.128013203462235,-4.52113973615949,6.15075678907265e-06,1.01843189335392e-05
"1610",47.2673538423011,1.22655747447288,0.272022546558239,4.50902871836132,6.51250936642964e-06,1.07773385090473e-05
"2962",443.97176483217,0.455030934959357,0.100919484289347,4.50885117144214,6.51796107547442e-06,1.07803977544607e-05
"2560",113.651474989438,0.812335524276471,0.180426496071331,4.5023072661973,6.72197040239378e-06,1.11116770408631e-05
"1271",26.9396469844314,-1.73337569146668,0.386110153780127,-4.48932946853753,7.14477184029135e-06,1.18040625876045e-05
"2700",284.079024000419,0.545675149741686,0.121599131908917,4.4874921487961,7.20664669990439e-06,1.18997168466412e-05
"2281",300.281076637573,0.551042086957382,0.12282366403559,4.4864488556351,7.24200913638824e-06,1.19515120441664e-05
"554",2608.29099975114,-0.276363100276353,0.0616736410526642,-4.48105698900381,7.42742734321594e-06,1.22507511636726e-05
"1168",5465.30957314668,0.271917924515153,0.060798662722597,4.47243265457695,7.73347594173588e-06,1.27485179160737e-05
"74",212.0057073142,0.631865109122637,0.141612052533209,4.46194443071476,8.12192904074671e-06,1.33815042345342e-05
"414",110.541722335269,-0.80763523264949,0.181378791508731,-4.45275451408339,8.4775659542489e-06,1.39597563759564e-05
"1748",909.236563096645,-0.345062836807447,0.0776405932606492,-4.44436115588437,8.81534151575303e-06,1.45079767960028e-05
"1873",45.3519435280971,-1.30598514367928,0.29387299815403,-4.444046073926,8.82826859023224e-06,1.45212642231857e-05
"2599",1543.71518864497,0.368128624578598,0.0829447275518367,4.43824020458123,9.06973700405964e-06,1.49102489649156e-05
"1367",972.457640166062,-0.365753890795618,0.0824532424186547,-4.4358945757222,9.16907156072205e-06,1.50652729871941e-05
"460",59.2504560767184,1.10222655003055,0.248561498971356,4.43442188187629,9.23196865125889e-06,1.51602910014087e-05
"2841",56.9277249933774,1.11598892926504,0.251874255621157,4.4307383718628,9.39109723254364e-06,1.54131447722274e-05
"2570",115.388912242835,0.805002674632385,0.181737212272112,4.42948730514842,9.4457372807748e-06,1.54858333940155e-05
"2571",24.8912873485811,1.72274067814241,0.388918719167924,4.42956482482547,9.44234281920877e-06,1.54858333940155e-05
"2633",35.8967555331337,-1.49241437444076,0.337100792752782,-4.42720517579811,9.54619198922913e-06,1.56419531389778e-05
"2836",35.0430266478752,1.42221144640692,0.322370370281826,4.41173128027734,1.02547336202454e-05,1.67937400064446e-05
"352",116.607276945674,-0.785220104652737,0.178171313852541,-4.40710733773118,1.04760280376483e-05,1.71467592388642e-05
"558",1946.35960012242,0.304043005731516,0.0690429869630224,4.40367688458139,1.06431427990915e-05,1.74107617577265e-05
"2787",811.510390343285,-0.37388372983582,0.0850733494554585,-4.39483965576755,1.10854548400862e-05,1.81244157822611e-05
"3005",66.2868061339555,-1.05883776894439,0.242040646271127,-4.37462791996644,1.21639776669257e-05,1.98769094371609e-05
"1282",16.8156945037811,2.14630394747938,0.491197934355542,4.36952966892127,1.24514423123236e-05,2.03355433397774e-05
"1842",448.888281865927,0.443742535481045,0.101706812707708,4.36295783603308,1.2831568104917e-05,2.09449273158275e-05
"2260",2610.92021029923,-0.266332747355118,0.0611108661088472,-4.35818970198755,1.311426902402e-05,2.13947071536903e-05
"2371",221.254476714535,0.584524018068004,0.134454046613122,4.34738881269905,1.37767870402562e-05,2.2463295272178e-05
"2961",338.00967809228,0.501827509083482,0.115794163735584,4.33378931108658,1.46564449794132e-05,2.38845770034882e-05
"399",272.233813424959,0.513711893788824,0.118684649258742,4.32837689623105,1.50212254847864e-05,2.44657085740234e-05
"1818",67.496214712395,0.975872873198985,0.226103156690961,4.31605152038109,1.58844920327347e-05,2.58576714700447e-05
"621",324.330184447951,-0.528695088150766,0.122589183433956,-4.31273847611193,1.61244809264305e-05,2.62312691538954e-05
"796",1192.87373028836,-0.338588577338534,0.0785107101804167,-4.31264188746301,1.61315291588127e-05,2.62312691538954e-05
"1879",6256.95295688798,0.266282441691353,0.0617856456773352,4.30977840843432,1.63418209552224e-05,2.65587877773088e-05
"2276",5729.92395281239,0.247029051372489,0.0574112846216002,4.30279609663268,1.68656052552229e-05,2.73951633678757e-05
"88",37.8040364586029,-1.31762835913889,0.306934230850331,-4.29286872138221,1.76379301870834e-05,2.8634122148537e-05
"1114",43.3514763918761,-1.23350011360239,0.288156723707281,-4.28065705957782,1.86342322739836e-05,3.02351534510623e-05
"1238",105.741168830852,0.835051232896583,0.195126117680467,4.27954618696425,1.872747732528e-05,3.03699794890177e-05
"1113",214.975694122173,-0.567089910328481,0.132807178774362,-4.27002452399025,1.95451475077502e-05,3.16788089616407e-05
"2177",1029.95311209422,0.3591373990142,0.0842928937621862,4.26058927372249,2.03888620450013e-05,3.30284110658602e-05
"1016",173.80402095014,0.625365970943706,0.14680835378836,4.25974377347245,2.04661380502632e-05,3.31356520813785e-05
"578",54.0260974039759,-1.09204007841902,0.256428148929987,-4.25865913307817,2.05656790915094e-05,3.32788057554333e-05
"68",694.137810559435,0.354664095352212,0.0833423709166299,4.25550763017043,2.08575250970379e-05,3.37182411897132e-05
"2885",113.656574637862,-0.752792488669749,0.176899405250856,-4.25548343479298,2.08597808964436e-05,3.37182411897132e-05
"1097",449.525315196933,-0.446895939419755,0.105091020988166,-4.25246548389779,2.11429811996764e-05,3.41575592599524e-05
"2499",3687.00519686392,-0.266272001760931,0.0626913792879809,-4.24734636221316,2.16317406934508e-05,3.49283152481407e-05
"2106",13.7472287555449,2.53843236181305,0.599481665481331,4.23437864404896,2.29184507244833e-05,3.6985978731205e-05
"3048",71.0587755352633,-0.938008522057526,0.221994259430323,-4.22537287434649,2.38545460065728e-05,3.84759038553455e-05
"525",412.44219984807,-0.437479372836326,0.103613398229956,-4.2222278229443,2.41899419274823e-05,3.8984006485139e-05
"739",194.170093474678,-0.5974145668707,0.141494508874528,-4.22217492129299,2.41956216720933e-05,3.8984006485139e-05
"2173",265.732550426426,0.540864765970021,0.128171355503549,4.21985679908834,2.44457547250476e-05,3.93658224635857e-05
"2718",140.144082142835,-0.719283624613488,0.170464234788776,-4.21955740748059,2.4478238879389e-05,3.93969288473006e-05
"1394",578.346639014554,0.397931155379473,0.0943693063694496,4.21674345916668,2.47855672532713e-05,3.98701167859074e-05
"1666",79.5850173044882,0.892519845603311,0.211897400402059,4.21203773104258,2.53077257328148e-05,4.06881866698452e-05
"2241",567.112321591848,0.409027514936379,0.0975344194463215,4.19367354886947,2.74472905496472e-05,4.41043465760174e-05
"2732",65.7868853055397,0.999371716008827,0.238702467212292,4.18668364713644,2.83059917958807e-05,4.54597570871041e-05
"1835",1536.48610217845,-0.376205311392208,0.0899093840066659,-4.18427192610191,2.86081502832146e-05,4.59203785661899e-05
"631",146.695196288202,0.844945939706649,0.202362818577003,4.17540112184755,2.97461438819366e-05,4.77214276111283e-05
"1230",281.139451330213,-0.512445120675917,0.122828868261439,-4.17202509417565,3.01904377561908e-05,4.84082474633027e-05
"2176",77.2715589339308,0.889666885494815,0.213306696531758,4.17083429615796,3.03486489814507e-05,4.86358638203002e-05
"1811",375.952912440107,-0.433762288123668,0.10424175585477,-4.16111839796701,3.16692835116897e-05,5.0725105067974e-05
"2981",13.3558357142218,2.35198600472575,0.565404742842811,4.15982715832936,3.18488519102575e-05,5.09854279911667e-05
"1965",779.801866119793,0.346702727563347,0.0833796091892017,4.15812368197389,3.20872290359074e-05,5.13395664574518e-05
"1929",1247.06301576766,0.309890282595584,0.0746257016882183,4.15259455636729,3.2872685401559e-05,5.25681853134498e-05
"362",24.0047035218789,-1.64215200197784,0.395578966162493,-4.15126218137515,3.30646726344492e-05,5.28469554071965e-05
"619",307.68411670957,-0.494632944677302,0.119620754458281,-4.13500940465821,3.54940099515946e-05,5.66994542312712e-05
"305",318.184782598339,0.471187076100257,0.113987867011332,4.13365991007984,3.5703167760345e-05,5.70031365736138e-05
"552",130.426494456927,-0.697416092962176,0.169710159574151,-4.10945399327997,3.96595713814698e-05,6.32861000391241e-05
"480",1297.48016481586,-0.343608099176483,0.0839092622459571,-4.09499607050875,4.22175548138332e-05,6.73320490421049e-05
"321",42.1932397239997,-1.22130799636884,0.299104860127333,-4.0832101352312,4.44178240112733e-05,7.08034786583536e-05
"2833",122.769346186489,0.68543702699628,0.167917538737512,4.08198590897496,4.46525047180132e-05,7.11396667285918e-05
"1597",464.282453634624,-0.40463489606792,0.099255591408731,-4.07669623771267,4.56801052108424e-05,7.27380919589359e-05
"2445",7092.50212378952,0.288925243111049,0.0708898855305011,4.07569064259154,4.5877977715826e-05,7.30143134711443e-05
"1799",743.879959873646,0.371810583109521,0.0913460447539546,4.07035229725614,4.69420956582017e-05,7.46681287662623e-05
"2159",5378.05553303576,0.270991401652811,0.0669416900482188,4.04817090004171,5.16194507996623e-05,8.20645041405896e-05
"317",8.0062751690771,4.00770289531458,0.991264994559516,4.04301868552865,5.27674136463945e-05,8.38449822782859e-05
"397",9.02731509435713,-4.59827516741412,1.13784595462066,-4.04121063026243,5.31759691063355e-05,8.44493097484903e-05
"740",60.6779904001793,-1.00212080198123,0.248103427538611,-4.03912518228019,5.36509275524542e-05,8.51583953511633e-05
"1296",156.48749078113,0.677089297134613,0.167758853357676,4.03608682095007,5.43501104144394e-05,8.62224445174988e-05
"3003",32.9017052083157,-1.37924520267513,0.341796891818112,-4.03527719441373,5.45378719604326e-05,8.64744636489742e-05
"2389",586.247222431907,-0.371979967142889,0.0922350681308423,-4.03295595353394,5.50796065925583e-05,8.72871731593932e-05
"1085",109.887764808109,-0.760228928789488,0.188556442928142,-4.03183745399358,5.53424600033891e-05,8.7657300333584e-05
"218",75.1309336175993,0.913771828702377,0.226745656065013,4.02994193829398,5.5790631764976e-05,8.83204075348191e-05
"1517",1662.1716527031,-0.322315590530057,0.080050486785848,-4.02640387924585,5.66363759573061e-05,8.96118650789316e-05
"2977",68.2911557401697,0.968027738267914,0.240435034827376,4.02615092664397,5.66973050778921e-05,8.96608545417829e-05
"1555",491.304460853442,0.390244293554122,0.0969715271390808,4.02431832381496,5.71405851139359e-05,9.03141207928665e-05
"477",155.19400878454,0.643194304627972,0.160037212250299,4.01902967181165,5.84383119305621e-05,9.23164885407824e-05
"2746",174.822434721948,0.641610944163519,0.159835702305761,4.01419041495583,5.96501784379466e-05,9.41811788318397e-05
"1778",9.31553623505794,-3.23308446162127,0.806519236799281,-4.00868858931618,6.10568685303684e-05,9.63513452757713e-05
"2786",52.1641590403115,-1.07256050355918,0.267570583582996,-4.00851427386632,6.1101946237011e-05,9.6371651629487e-05
"1450",2778.87409765422,0.276801549744777,0.0690802297900266,4.006957570728,6.15059068282559e-05,9.69576782034466e-05
"1042",1374.26887785896,-0.288287749163255,0.0719552289666801,-4.00648783004708,6.16282991289858e-05,9.70994581326622e-05
"2093",289.967468224622,-0.466977451489175,0.116622297700176,-4.00418668383405,6.223120832941e-05,9.79977764850498e-05
"798",4377.15039766436,-0.226890250437867,0.0568644769643471,-3.99001736321469,6.60684585564494e-05,0.00010398570647075
"1075",859.956411924668,0.367005740077022,0.0922167538725938,3.97981629871808,6.89685418077407e-05,0.000108493100467277
"1602",120.924780808599,-0.684789534103634,0.172075786165204,-3.9795810285951,6.90368273147028e-05,0.000108543451038145
"730",673.121062569327,-0.355572037161699,0.0895007858117634,-3.97283704200691,7.10216390741759e-05,0.000111605432830848
"505",288.223904945356,-0.491707965559305,0.123845874917294,-3.97032170742606,7.17756505319713e-05,0.000112731100468062
"2856",35.1239078425027,1.28042813963437,0.322848397628533,3.96603529408753,7.30780460047755e-05,0.000114716428985461
"12",1268.09201926366,-0.298281193622003,0.075298260713012,-3.96132913028173,7.45337101589605e-05,0.000116940147244683
"1870",410.71954170155,-0.421084228056127,0.106382017243313,-3.95822751784298,7.55080157660624e-05,0.000118406699775712
"1216",4086.10172038875,-0.242997632641318,0.0615138054996685,-3.95029425780897,7.80551700662073e-05,0.000122336861622887
"2018",7122.83124484562,-0.251287348904137,0.0636868607093226,-3.94567020740832,7.95770800254865e-05,0.000124656870909034
"2056",96.117170617092,0.758183170036126,0.192263447916563,3.94345975926301,8.03144730242242e-05,0.00012574615556697
"2321",644.626129180729,0.371693211191781,0.0942620397935216,3.94319083276751,8.04046248197398e-05,0.00012582146310704
"2721",500.203095168201,-0.368559658206061,0.0938663229084112,-3.9264311926406,8.6215540645215e-05,0.000134844170209348
"182",815.216810676348,0.339007090138112,0.0863523882305211,3.92585656384071,8.64216455973138e-05,0.000135095905761318
"3006",24.6505552756558,-1.50856282409547,0.384462872221876,-3.92381926342389,8.7156131629511e-05,0.000136172922107309
"2955",33.0218627835785,-1.38410751550078,0.35310841591686,-3.9197805917678,8.86296193704193e-05,0.000138402829413515
"2698",518.358096157267,0.384192322330624,0.0983862863343405,3.90493773720704,9.42496477234086e-05,0.000147102214913114
"2840",15.364076660855,1.98996767367174,0.51024852991866,3.89999687797035,9.61939284593e-05,0.000150058516136718
"2784",350.901503648552,0.450562665840257,0.11567014826908,3.89523721187013,9.8102672635418e-05,0.000152956329611866
"2928",53.200042521916,-1.11164892398434,0.285427966294668,-3.89467415689991,9.83308222192499e-05,0.000153232197958331
"2473",76.4960041254816,-0.863998278642051,0.222347161123123,-3.88580755552628,0.000101990279409773,0.000158852116602832
"2558",479.198187297918,0.376540443792001,0.0969973220394978,3.88196741801461,0.000103614762638065,0.00016129831936165
"2392",2248.84005518194,0.252439926085362,0.0651374587960105,3.87549546376875,0.000106407962248274,0.00016556038639981
"306",207.8153505359,0.545869996778684,0.14088032286427,3.87470716761913,0.00010675299282091,0.000166010891122746
"1920",101.625083057945,-0.744901713176837,0.192644833763823,-3.86671004159947,0.000110313456787998,0.00017145862997906
"1376",2352.74556184332,-0.249022920430259,0.0644361791420662,-3.86464442407772,0.000111251147978601,0.000172826290110059
"1836",126.611142719927,-0.683155535572389,0.177068718882089,-3.85813790197074,0.00011425418068833,0.000177399329849239
"2437",1208.00448458711,0.303637313464755,0.0787058842284164,3.85787309857994,0.000114378003100097,0.000177499473690607
"1292",250.08673258188,0.477390655886603,0.123786489125991,3.85656511673669,0.000114991475910287,0.000178358992184333
"1918",72.4396841594194,-0.863739076353341,0.224320002431492,-3.85047729578699,0.00011788785880105,0.00018275672203769
"1520",70.9830830165347,1.00479571451438,0.261108442383287,3.84819313134048,0.000118992230334851,0.00018437325383836
"2712",39.6784025984009,1.18721504282115,0.308644401277421,3.84654650435093,0.000119794401857637,0.000185520108880978
"466",7594.12729387423,0.213543784554282,0.0556665027671421,3.83612718491684,0.000124989697295853,0.000193465687692288
"679",5568.75607638816,0.248916774167895,0.0649508748505454,3.83238524100965,0.000126906803386308,0.000196331517958549
"1384",530.91116821741,-0.463696956924818,0.121291226962688,-3.82300491582511,0.000131835150192534,0.000203850526809335
"1998",53.3180343697217,0.979504988447961,0.256351265132686,3.82094852522368,0.000132939399350131,0.000205451798995657
"1057",1030.30341487702,-0.296540649743054,0.0776979783750262,-3.81658127978229,0.000135313513805353,0.000209012923750963
"775",18.5495381312732,1.7099743966309,0.448315034200093,3.81422496723075,0.000136610981560481,0.000210908182058286
"2479",1346.68959061492,0.270454456614964,0.0709315196860663,3.81289528001036,0.000137348317447034,0.000211937166478353
"1754",278.94617650288,-0.546814646208987,0.143438614061598,-3.81218578962401,0.000137743275076526,0.000212437051045858
"461",71.4040496345934,-0.912465541736722,0.239530762517622,-3.80938770513702,0.000139311360801202,0.000214744766366407
"821",483.019765754951,0.358400218138296,0.0949143084975082,3.77603992287112,0.000159341462879193,0.00024549415908061
"172",135.304581549125,0.610644072352556,0.161767707631458,3.77482058250919,0.000160122867624557,0.000246571085914912
"836",9075.12594760814,-0.200027076363521,0.0530140567992865,-3.77309507025338,0.000161234812584162,0.000248155637475213
"2291",1160.83787552104,0.288723888012393,0.0766939123212668,3.76462589107391,0.000166798618114663,0.000256586871670474
"2462",2674.36900971126,-0.267429525447234,0.0710660478451358,-3.7631123941211,0.000167811735966444,0.000258012699903186
"1478",3874.6830384922,-0.241136363150481,0.0640869535299543,-3.76264356266793,0.000168126738926459,0.000258364254169473
"1451",3371.81306523896,0.248763224440381,0.0661229505959543,3.76213133561528,0.000168471534741159,0.000258761207364244
"208",102.683287320726,0.691232432829245,0.184179544682901,3.75303584347181,0.000174705863112053,0.000268199046911884
"1132",1247.17034366606,-0.270692617845125,0.0722021345289133,-3.74909439466401,0.000177474280997221,0.000272309255765993
"2780",31.3185979976053,1.3050378590905,0.348186357549604,3.74810164382901,0.000178178050307696,0.000273248962850142
"1889",23.3314594852797,1.56007915035773,0.416289011967095,3.74758666577788,0.000178544155406262,0.000273670139844025
"677",283.360135544174,-0.444980919274347,0.118753237590438,-3.74710558047283,0.000178886804602613,0.000274054951034827
"2809",154.427822945217,-0.599214195677602,0.160029999324057,-3.74438666630378,0.00018083498055863,0.000276897779852314
"2970",30.8277986341038,1.27813456104856,0.34165706751963,3.74098674535723,0.000183299188620373,0.00028052745388857
"2010",4784.98973329803,-0.219429938920047,0.0586875227651644,-3.73895384540402,0.000184787646463808,0.000282660857985539
"1316",35.4349491373934,-1.21392639204838,0.325825558172458,-3.72569419924344,0.000194778426221035,0.000297791032832569
"1131",97.3568481627533,-0.807979920742933,0.217168203742814,-3.72052587265399,0.000198808372437632,0.000303797063500202
"1551",69.0240792176847,0.824975174483155,0.222020762946177,3.71575686677173,0.000202596327566185,0.000309427367063821
"236",1626.28256019269,-0.27146488470345,0.073188172622886,-3.70913598433748,0.00020796771746163,0.000317469087063877
"2181",146.848061879303,0.593497819004722,0.160177940391642,3.70524066893104,0.000211190109625281,0.000322223767464988
"1667",104.411459751859,0.696378160006314,0.187967336054453,3.70478283420784,0.000211571917009049,0.000322641781697795
"406",87.9790032108208,-0.76385299589827,0.206425433925404,-3.70038217371171,0.000215275016704686,0.000328121675996139
"2628",35.154061223386,-1.19563650544735,0.323317384628615,-3.69802727069794,0.000217281550216694,0.000331011404403436
"360",94.8816056109888,0.710949148057358,0.192428705236366,3.69461067247778,0.000220223958820648,0.000335323198367114
"90",53.3351050383228,-0.935400551807935,0.253630684339649,-3.68804174559295,0.000225986580476002,0.000343922608740691
"2273",1218.70008168314,0.299585588951677,0.0813755452318231,3.68151866876241,0.000231848808903658,0.000352664787107141
"1819",98.5888153271187,0.711303495299797,0.1940496276003,3.66557516289043,0.000246783314994873,0.000375190893528791
"2361",44.2605299614719,-1.02406800716628,0.279516356392198,-3.66371406805755,0.000248584276290914,0.000377737000844294
"2673",336.623633308751,0.440554847517286,0.120299392659701,3.66215354688875,0.000250103869989152,0.000379853187313473
"2813",350.540012376627,-0.445480171041488,0.121692561585427,-3.66070173260972,0.000251525427112471,0.000381818405845009
"1340",1325.49629020462,-0.261195998468506,0.0713581852106632,-3.66035091415799,0.000251870069170651,0.000382147691155471
"2844",29.4445337598332,1.28907678900584,0.352282626976033,3.65921192331049,0.000252992062911709,0.000383655475028806
"2715",421.12234028685,0.411657764799491,0.112593111326826,3.65615409280738,0.000256027489387653,0.000388061929203575
"491",1554.29979990924,0.26101905036921,0.0714014315928771,3.65565569969957,0.000256525455928565,0.000388619829943427
"1780",437.79933579528,-0.383059492363621,0.105032691859325,-3.64705012870344,0.000265268187793535,0.000401661142650939
"3093",129.110504779629,0.633787890444363,0.174147026231704,3.63938393987333,0.00027329107533155,0.00041359984693576
"3076",423.158903422196,0.370240707238745,0.101800412000016,3.6369273951336,0.000275909661280122,0.000417351722219477
"2512",814.058799945072,-0.301609235123195,0.0832117930674369,-3.62459723561975,0.000289412120798381,0.000437554858731054
"691",10827.7192254481,-0.21072669446482,0.058157080936012,-3.62340562960295,0.000290749314871971,0.000439354520250978
"235",3210.95261446857,-0.219344152573324,0.0607595975051936,-3.61003300844076,0.000306158041945762,0.000462405280919597
"2494",34.2856583334559,1.19216141397075,0.331415565052314,3.59717991453588,0.000321685985601429,0.000485612749202561
"1196",14963.8310158039,0.204954162538832,0.056997684507041,3.59583313447609,0.00032335503099186,0.000487886158712882
"1957",47.2266988116074,1.00183885819429,0.279141252251704,3.58900323801272,0.000331944718597504,0.000500594051433332
"2694",2115.89942671814,0.242213071299778,0.0675151098296989,3.58753872889698,0.000333814162062003,0.000503159684075321
"468",5524.43106519523,-0.291089939781579,0.0812680380428517,-3.58185021801672,0.00034116938875574,0.000513987316796161
"829",12132.2352221505,0.200775161008159,0.0560620934996582,3.5812997423898,0.00034188914102836,0.000514812435811199
"3091",129.961156836973,0.610681164666234,0.170598750782268,3.5796344455396,0.000344075191291255,0.000517843547456456
"2576",2026.93095274317,0.243510935381098,0.0680689619222534,3.57741514641034,0.000347008813563692,0.000521996163993245
"2319",2602.39043575835,-0.223827218443269,0.0626828628287709,-3.57078806458939,0.000355908792308618,0.000535115128938384
"226",458.627236567314,-0.348560833363246,0.0977338366421899,-3.56642945103393,0.000361878171876555,0.000543816921273055
"670",1705.74788225503,-0.250169620219473,0.0703358788252633,-3.55678530499312,0.000375420724248072,0.000563884943248108
"149",284.807132685018,0.42254182763557,0.118861397001049,3.5549121775158,0.00037810535977587,0.000567632331384548
"1237",225.080208705934,0.467632166352804,0.131564470361788,3.55439553754039,0.000378848978392786,0.000568463462061793
"1651",162.735793293333,-0.577668027564216,0.162560667102929,-3.55355350011236,0.000380063883551798,0.000570000571221543
"2826",20.1450110555282,1.49639001684935,0.421293857349916,3.55189137164771,0.000382472724986925,0.000573325848276994
"2258",31.3044462724052,-1.28879761273457,0.363115310101253,-3.54927918730607,0.00038628728793475,0.000578753913620817
"290",7.63495616757166,2.85224156579893,0.804001564867151,3.54755723177009,0.000388821265043055,0.000582258871375787
"2166",198.322342533724,0.492028698269343,0.138758926580385,3.54592465072366,0.00039123805884533,0.000585584928496863
"695",2443.51764418594,-0.258182130690166,0.0728827930987503,-3.54242914840476,0.000396459909939936,0.000593104025270144
"2862",111.601164139318,0.651827216805123,0.184472277005637,3.53346978410857,0.000410142969077007,0.000613267248115145
"2775",50.3121760203055,0.915224891095175,0.260325037363967,3.51570060399368,0.000438595277689815,0.000655483052371591
"2567",1695.33045701883,0.246419711908592,0.0701459701262723,3.51295607523858,0.000443150730957578,0.000661960552683511
"60",885.832876721763,0.297351026103222,0.0846484843744162,3.51277436685083,0.000443453889541636,0.00066208285304819
"2510",862.407138484101,0.312395015290858,0.0889345609413006,3.51263909085972,0.000443679706945144,0.000662089617546071
"696",774.547425897576,-0.331761689406941,0.0944738534947557,-3.5116773280065,0.000445288282994316,0.000664158794974574
"571",511.163006196346,0.349324491693748,0.0996204992206095,3.50655231028474,0.000453952199599851,0.000676743886996888
"2014",944.194383893817,0.333563408817528,0.0952302998370576,3.502702494776,0.000460563560421087,0.000686258054173254
"1877",1867.97976606404,-0.246164899704794,0.070664785497184,-3.48355829530685,0.000494795351370777,0.000736897805525816
"1485",23.0196507406679,-1.38565551477586,0.399370706208198,-3.46959727700585,0.000521239276233181,0.000775894484820736
"694",1942.2451039255,-0.311215260665228,0.0898606284140437,-3.46331053051695,0.000533572224722812,0.000793857830119668
"998",36.8128174446847,-1.08474624834423,0.313812675593534,-3.45666804660641,0.000546898093069844,0.000813279868024341
"3088",30.9809006698499,1.18611246054843,0.343452615010449,3.45349666507081,0.000553369145612285,0.000822494030636839
"1985",447.396728821641,-0.344455482405917,0.0997898188650779,-3.45180987723449,0.000556839941559965,0.000827241859556809
"791",2839.10431931497,0.220575535021786,0.0639738100498326,3.44790367886433,0.000564955472126402,0.000838881773003571
"351",111.534370746033,-0.639794072088747,0.185909643933124,-3.44142486937846,0.00057865914269074,0.000858803648279114
"2325",1253.47965969287,0.248494181592668,0.0723201052837171,3.43603180080847,0.00059030167876482,0.000875648300874736
"1288",50.0151577568845,0.912029169106546,0.265583685831814,3.43405569604191,0.000594622003303553,0.000881619937504574
"2156",471.013722347926,0.346295793012904,0.100987624205713,3.42909139349089,0.000605605560006659,0.000897460047320418
"2250",1964.22873801618,0.227628960069077,0.066497247164756,3.42313358483991,0.000619036475166197,0.000916909472127357
"2799",145.114070603048,0.545590314952812,0.160832429752502,3.39229044659959,0.000693109263352533,0.00102611722709093
"1122",147.230530426566,-0.542738978132043,0.1606867831561,-3.37762053276527,0.000731159016016167,0.0010813780404945
"2717",136.577435295677,0.565302380620403,0.167363388376166,3.37769440559981,0.000730962641407871,0.0010813780404945
"2157",441.333839150712,0.342272563934373,0.101453992610823,3.37367268775048,0.000741725060642021,0.00109646313312299
"2366",34.0356059329935,-1.07115107424584,0.318137615251633,-3.36694255219901,0.000760065199437336,0.00112301979097112
"329",85.2531691604242,0.710118286439857,0.211546084851336,3.35680183794889,0.000788496030996122,0.00116445218397848
"286",105.847733295352,0.600828874654318,0.179408135882574,3.34894998879857,0.000811184364610801,0.00119736735022966
"177",5923.23394956216,-0.229054528617445,0.0684226998844081,-3.3476394384379,0.00081502974713482,0.00120245019892869
"760",144.656156030038,-0.532820447914716,0.159530427100594,-3.3399299280929,0.000837995309647218,0.00123572299973607
"1790",754.277572237923,-0.288075361623498,0.0862858253926356,-3.33861744165554,0.000841964307630417,0.00124096414208385
"1100",146.411077438121,-0.520840703708668,0.15612118872631,-3.33613078377038,0.000849531886230203,0.00125150142964095
"2723",433.533856646259,-0.347413928959847,0.104354553774334,-3.32916884212957,0.000871055816578058,0.00128257824960706
"508",1166.39101614398,-0.250580826552224,0.0752968708979815,-3.32790491243298,0.000875017271648945,0.00128777750948039
"1970",556.733278130655,-0.323611305389196,0.097386450152449,-3.32296027714958,0.000890675967524028,0.00131017821771479
"2315",32400.1040363601,-0.181281407999217,0.0547965380257862,-3.30826388911484,0.000938763063456091,0.00138023542302733
"222",57.3438104571951,0.806381725406307,0.244247125781643,3.30149934344453,0.000961695599633118,0.00141325797352765
"2364",12.6145585663351,-1.91633119835579,0.581721516482893,-3.29424156414566,0.000986876473613501,0.00144955051990751
"407",232.835252844679,-0.429550661764953,0.130447469668433,-3.29290144804472,0.000991592253383237,0.001455762523122
"616",3935.12447273748,-0.192118608941342,0.0583534564388987,-3.29232612197544,0.00099362318166774,0.00145802871974001
"2776",399.937630519333,-0.336564759256448,0.102362328647268,-3.28797482144258,0.00100910863963163,0.00148002600479305
"2999",41.0829114081619,-0.957366728340876,0.291238352849751,-3.28722751990971,0.00101179051659544,0.00148323234965877
"2699",322.174202587728,0.369712936512476,0.112496031025764,3.28645315875903,0.0010145764627607,0.00148658803946133
"206",137.618066487272,-0.543381584822411,0.165878587915217,-3.27577893959491,0.00105371002367006,0.00154317199746491
"1314",79.0843198575219,-0.748133412326287,0.22893919101827,-3.26782587550326,0.00108377020090193,0.0015864190024944
"553",53.5445963245254,-0.836312060179582,0.25684457404481,-3.25610172334681,0.00112953275797678,0.00165259756081492
"2194",22.5449480855902,-1.28504223165233,0.395235299948528,-3.25133466524799,0.0011486456163833,0.00167973982610891
"648",1279.20870561438,0.281098843351236,0.0866319060600708,3.24474960941436,0.00117553939903791,0.00171822856957568
"1627",76.6608861810778,0.689076991445116,0.212639973557573,3.24058068629578,0.00119286508163085,0.00174270133019507
"2284",1098.41467231364,0.257590966884892,0.0796111548737891,3.23561399521539,0.00121381406924465,0.00177244104205954
"560",20031.890919452,-0.215756810292574,0.0667400236364959,-3.23279493378229,0.00122585524156769,0.00178915067452222
"220",52.1664701660797,-0.836907052314678,0.259478420075621,-3.225343564489,0.00125821577059547,0.00183548590230211
"1535",7451.08916701169,0.171300593763106,0.0531874367078694,3.22069654726867,0.00127879472224442,0.00186459737278523
"723",18.576025913215,-1.49341446933395,0.463833336604509,-3.21972215336328,0.00128314896419195,0.00186912448922216
"1946",4385.75210746987,-0.196524339232266,0.0610373255654611,-3.21974033776264,0.00128306757900091,0.00186912448922216
"2399",818.488537643267,0.278675229999158,0.0865964704793288,3.21808993434299,0.00129047348223871,0.00187887915272906
"1612",329.659846198183,0.42605496509613,0.132523762275701,3.21493261117784,0.00130475148369901,0.0018987434042935
"2705",72.9958395988652,-0.721939934232072,0.224598875720431,-3.21435239564914,0.00130739113071359,0.00190165982649249
"2448",772.684892548856,0.321094723198324,0.100039609477295,3.20967589613792,0.00132884714177307,0.00193192937229593
"2263",582.264231679333,-0.289511125398427,0.0904216709167088,-3.20178915588839,0.00136576924422904,0.00198464379734497
"1366",4698.86990515809,-0.187099236782616,0.0584705662676858,-3.19988754557381,0.00137481217486087,0.00199681457630278
"1200",2429.84037298314,-0.200524366544388,0.0627724471316456,-3.19446470079223,0.00140090416014227,0.00203372404034239
"984",37.4360132796694,0.971605006809086,0.304326395217659,3.19264126305633,0.00140977969378088,0.00204561631609719
"550",512.483219020472,-0.313851897609694,0.098428587552232,-3.18862543306482,0.00142950975776034,0.00207323955172998
"2077",1563.56688792185,-0.254305154927073,0.0798441701262375,-3.18501844937462,0.00144744780008809,0.00209823828384863
"2072",18205.2449658268,0.218058299702729,0.0685465347618153,3.18117174647027,0.00146680643848026,0.00212527112054864
"1725",265.119503689878,-0.398035638764229,0.125603007551271,-3.16899767389529,0.0015296561935271,0.00221526201889307
"1984",30.115761393392,-1.09801392691105,0.346684242870423,-3.16718728783253,0.00153921153479914,0.00222802172816595
"1199",6398.33130300032,-0.185775359503515,0.0590053781692312,-3.14844790877705,0.00164139974837827,0.00237479112531325
"1152",28663.2902771384,0.262913341577003,0.083540126565812,3.14715038610676,0.0016487014076742,0.00238420232564582
"169",55.4291466838213,0.774119680699765,0.246111089097553,3.14540756183855,0.00165855598747554,0.00239729445146223
"510",5320.8348055043,-0.242537718025912,0.0771208313923721,-3.14490538609393,0.00166140551803643,0.00240025365039353
"322",107.904741797217,-0.575616905977559,0.184502062906524,-3.1198399460129,0.00180949331675595,0.00261293629523833
"429",611.533205136192,0.282693513703343,0.0908907461739737,3.11025627583957,0.00186925086382832,0.00269792502873823
"2733",23.831300841965,-1.20295497471866,0.387132392042907,-3.10734776899095,0.00188774182102096,0.00272329967622695
"2600",802.487306096773,0.254585991053533,0.0819476532746601,3.10669044054561,0.0018919440233622,0.00272804651465046
"1888",113.281288419318,0.54984192817826,0.177068603579454,3.10524800593199,0.00190119542120249,0.00274006584789877
"2338",3404.86626007735,0.190849374800643,0.0616199629012292,3.09720041712059,0.00195357746702077,0.00281285071286147
"2851",44.524835813783,0.866663452119535,0.279813630992647,3.09728818086889,0.00195299913315111,0.00281285071286147
"2359",43.177691807402,-0.920821297904112,0.298095672540474,-3.08901263160433,0.00200822900433839,0.00289014967820128
"1604",508.800137959099,0.29857628687808,0.0969211292635871,3.08061089616559,0.00206576411886048,0.00297152223251469
"1303",48.7183268883977,0.830186560210179,0.269673074987452,3.0784925793901,0.00208050711097771,0.00299129133880121
"2808",234.635500262474,0.405317397057916,0.13169767653215,3.07763513928789,0.00208650208629237,0.0029984698569581
"1844",6208.02133890828,0.189457231763299,0.0616236749482921,3.07442280782947,0.00210910293425626,0.00302949398909973
"2761",48.4674397112765,-0.83874788297811,0.272833140066557,-3.07421555450887,0.00211056877837192,0.00303014481040728
"1931",229.556417718074,-0.400120397291992,0.130584413284725,-3.06407470254182,0.00218344381214225,0.00313326805080557
"633",1891.73504543601,0.216532004901653,0.0706829638749025,3.06342565494112,0.00218818568546969,0.00313856738778778
"2916",62.3176523897593,-0.730241302066379,0.238623591854975,-3.06022257225174,0.00221172560637178,0.00317081121910128
"2565",317.592876634994,-0.352311331010913,0.11529540731204,-3.05572736351417,0.00224515306276964,0.00321719251140171
"2630",25.2798075015767,-1.17191653683423,0.383827173351388,-3.05324015129424,0.00226384688400788,0.00324242693966087
"1782",242.620241019797,-0.384669639171562,0.126552769431455,-3.03959874524841,0.00236893530838351,0.00339131791515955
"42",32.7775678344083,0.966971999753003,0.320603375332965,3.01610049722261,0.00256048380714292,0.00366378170778175
"415",24.4081937982651,-1.14711429112428,0.380648372376954,-3.01357991881363,0.00258185029550756,0.00369258895036263
"434",1452.10605168251,0.229198944918793,0.0763741775229385,3.00100049980839,0.00269094123329591,0.00384677313426726
"2578",94.3267662380888,-0.627702907027414,0.209560528496035,-2.995329853061,0.00274148201625618,0.00391715099934981
"1383",970.43618477008,-0.237497280825794,0.0793220289491295,-2.99408983824789,0.00275264880667769,0.00393122922652967
"1461",29.5218794753456,-1.05699367988592,0.353274680305632,-2.99198821430245,0.00277166963179547,0.00395650550492942
"2549",50.5610155840166,0.807183804620399,0.270145059805044,2.98796433739311,0.00280842322742561,0.00400705879659391
"665",1675.95658270359,0.208522197091279,0.0699140897375497,2.98254898081417,0.00285858903456723,0.00407669132098434
"1234",147.949055427072,0.458554356907701,0.154344885200785,2.97097215959683,0.00296858690504211,0.00423154455449547
"2411",341.041650077922,0.338273962444157,0.113959756603686,2.96836332864907,0.00299390210734128,0.00426559766912624
"1193",5195.78133003068,0.162371663515048,0.0550099479313262,2.9516781895113,0.00316052130606885,0.00450084709555354
"1295",322.989212159902,0.33270131596892,0.112887576544219,2.94719158789451,0.00320674455242742,0.00456450033342666
"2846",32.696613217575,0.973413859026438,0.330711603740118,2.94339191010477,0.00324637164621173,0.00461870849522848
"2918",56.898244122027,-0.734010214522626,0.249399072203704,-2.9431152571534,0.00324927423109931,0.00462064092179142
"2400",1866.50748791912,0.19806250713038,0.0673365852693002,2.9413803259887,0.00326753073858837,0.00464439523508617
"2726",127.322219277444,0.516824817292792,0.175768063515073,2.94037953742644,0.00327810438915381,0.00465721193368861
"2736",180.080949748761,0.472948848318904,0.161319778889195,2.9317474371432,0.00337060738489014,0.00478635846966838
"2728",244.026861085549,-0.400038345155918,0.136525355074093,-2.93013956959728,0.003388097898061,0.00480891314563496
"1883",40.28823648005,-0.867711411964316,0.29620603372632,-2.92941842219878,0.00339596940782473,0.00481780012717477
"1130",1371.94310923046,-0.22645472512828,0.077356401202341,-2.92742063498977,0.00341786280058779,0.00484656184803728
"1325",23.5403696405069,-1.12087051580008,0.38541813149972,-2.90819352851566,0.00363523294870562,0.00515235290503421
"1913",103.770956995292,0.526828553126943,0.181595066325084,2.90111710515216,0.00371834891310658,0.00526766096023433
"1287",18.0042222217317,-1.31664781444933,0.455735059508685,-2.8890641327195,0.00386390260940762,0.0054712714658531
"2324",848.702054173487,-0.241299220976217,0.0835798409999646,-2.88705049075553,0.00388871821352322,0.00550380553210099
"2696",170.478578973871,0.428279326754444,0.14843735429473,2.88525303343843,0.0039109918104077,0.005532712764416
"1990",305.461480694122,-0.332836293731197,0.115857510490367,-2.87280722952243,0.00406842280778686,0.00575270370552849
"2272",1267.06306287123,0.241988701220896,0.0843531625356369,2.86875671221766,0.00412088637217618,0.00582413416417153
"152",91.7069603936729,-0.598051694677374,0.209589430264346,-2.85344396386344,0.00432481544798748,0.00610946544871508
"2825",13.0463935212431,1.49110023115291,0.524796859592719,2.84129030861602,0.00449313896655798,0.00634425284942968
"1874",13.8000986965848,-1.44341455653369,0.509693474124753,-2.83192669675107,0.00462684543567317,0.00652996299223308
"2670",52.3309696445576,-0.731464617476373,0.258854211914436,-2.82577830998616,0.00471658946016814,0.00665348216163276
"604",1489.15043704805,0.192639421772777,0.0682129784868604,2.82408752771122,0.00474154343362243,0.00668553155202559
"339",213.773252052708,0.367598329462744,0.130696623666947,2.81260769520329,0.00491415645569933,0.00692565054896486
"109",6194.25604598173,-0.196898570320685,0.0700132491243887,-2.81230442499342,0.00491879257805992,0.00692892061843469
"2911",41.815127832106,-0.79880760723952,0.284601149788879,-2.80676170082969,0.0050042245868604,0.00704594821829945
"1892",398.988309188072,0.309780293198277,0.11052207334899,2.80288166708654,0.00506482488087237,0.00712456795654449
"2923",6.90849865702956,2.18298561627354,0.778806973191753,2.80298673665838,0.00506317515142991,0.00712456795654449
"732",39.6047070467498,-0.808951528561649,0.289552547749943,-2.79379868990225,0.00520928963361363,0.00732433956004323
"1253",110.380269643921,-0.508764893120756,0.182419901391949,-2.78897691117385,0.00528748344217983,0.00743078931846034
"566",412.167172029167,-0.297596782573355,0.107007216165302,-2.78109078282753,0.00541765847876916,0.00761015688660907
"2013",5586.50082142944,0.170482925492968,0.0616514446964086,2.7652705679888,0.00568755987914426,0.00798553691149677
"2439",1636.19696697435,-0.188269304927216,0.0682021343307976,-2.76046060397556,0.00577199190646172,0.00810028132464046
"934",25.877125281352,1.04142308731406,0.377483958864812,2.75885388731717,0.00580044632152589,0.00813639727801474
"2845",29.4411214701879,0.997291242470786,0.361860486502387,2.75601034009058,0.00585111472529314,0.00820362476948316
"2256",12.8139444046302,1.52522355197525,0.55436409685552,2.75130290837135,0.00593587272036462,0.00831856261326977
"289",13.2859196417965,1.45235512665723,0.528389987250805,2.74864240750244,0.00598426331425393,0.00838245123419839
"1244",501.98076623474,-0.26585042361164,0.0967483652881839,-2.74785442441071,0.00599866363919107,0.00839869050466059
"1907",636.195413362074,-0.255176914957039,0.093146147480543,-2.73953267911958,0.00615265979080371,0.00861027039012381
"301",294.062600518586,0.358935515960846,0.131604885964211,2.72737226533107,0.00638409697567023,0.00892580287439501
"2318",1660.92536456033,-0.195484833377199,0.0716729520741853,-2.72745614237938,0.00638247415377333,0.00892580287439501
"788",2969.51740686607,0.168096053643559,0.061658888734042,2.72622580612214,0.00640631549248693,0.00895268377091121
"1861",2822.80162168583,-0.182496529175655,0.0669712984207261,-2.72499613236073,0.00643022403095325,0.00898190023371247
"2602",366.85348478782,-0.298230193304642,0.109538513098889,-2.7226058202507,0.00647692867120028,0.00904291674485826
"698",3.11163600619083,-3.94819330601206,1.45028463810379,-2.72235753057015,0.00648179749096011,0.00904549351350403
"2167",150.835500046065,0.438828080745328,0.161525911470289,2.71676585354571,0.00659232269734638,0.00919544499322162
"1323",22.1163414635143,-1.07836284584891,0.398059725926382,-2.70904785290523,0.00674766067751484,0.00940773566967586
"2383",383.455080909328,-0.302564634191227,0.111729855271071,-2.70800166577827,0.00676896826600923,0.009433047532324
"1779",576.930725350088,0.242993114550149,0.0898749544786543,2.70367997357775,0.00685763002011529,0.00955215503733005
"1572",3890.99850355087,0.166771703940826,0.0620257395731177,2.68874994620952,0.00717201209487476,0.0099854165601979
"2187",601.334611875911,0.237670094387016,0.0884157523463954,2.6880967257494,0.00718605775450395,0.0100003185123143
"2447",15876.6149990454,0.150882357446371,0.0561364790614823,2.6877773591949,0.00719293381178762,0.0100052338283908
"1089",32.5389325539963,-0.88922715057313,0.330932435843198,-2.68703534093727,0.0072089324913862,0.0100228280735258
"1112",285.011302376886,-0.329412650509662,0.122620405099156,-2.68644236041535,0.00722174071538328,0.0100359722342902
"2767",197.029577948107,-0.368853498102569,0.137351752744221,-2.68546626259263,0.00724286865721602,0.0100606606417782
"1248",1083.0315048261,-0.214794404327213,0.0800035604054094,-2.68481056641437,0.00725709253582988,0.0100757405416255
"1660",15.3924056715377,-1.30104563221506,0.486667223641618,-2.67337837645945,0.00750914998378056,0.0104208612019812
"3028",3.70148508026216,3.4534548516966,1.2930231706091,2.670837561302,0.00756622520320872,0.010495199725545
"386",4993.4233737483,0.157164309614447,0.0589739782943263,2.66497723504551,0.00769935346198369,0.0106749145311655
"2947",47.5710714925549,0.720235995909625,0.270462730317351,2.66297687324434,0.00774527370917632,0.0107336076599609
"2384",390.027479306788,0.287168100649974,0.10844879812767,2.64796019511354,0.00809790594005389,0.0112170993391858
"2574",44.1935646114145,0.767026776987589,0.290047941862437,2.64448274330928,0.00818158783992886,0.0113277699292305
"1601",73.6325837404774,-0.566091882090378,0.214335575340337,-2.64114756120862,0.00826257235919762,0.0114293187696344
"2441",2855.79113749614,-0.202354092755755,0.0766115268176389,-2.64130087418079,0.00825883396047408,0.0114293187696344
"2920",18.3101185150878,-1.2194716098535,0.462106794452213,-2.63893893033769,0.00831659610992069,0.0114987317748996
"2773",485.408230998554,0.263610443884935,0.0999846181617552,2.63650998255017,0.00837637355343974,0.0115760321810123
"2771",21.8743292523452,1.05742761186403,0.401322748587445,2.63485589986092,0.00841730091842415,0.0116272226906394
"2572",10.7964822932492,1.50581819412058,0.571644177346961,2.634187933321,0.00843387920788643,0.0116447469266249
"761",29.6114294150421,0.89660213801308,0.340631684607511,2.63217480501316,0.00848401989272073,0.011708573578884
"736",5.22933627963528,2.49701185951556,0.950454507763671,2.62717661825898,0.00860966333934419,0.0118764927207551
"1994",2366.27525959287,-0.18775619950468,0.0720364046644378,-2.60640714065744,0.00914976297933651,0.0126157100618317
"3017",6.10599352126805,2.20548066362749,0.846417775388013,2.60566439854888,0.00916962573600239,0.0126372732391152
"2636",51.6844445448143,-0.686488389269996,0.266163696272607,-2.57919618221295,0.00990305277824443,0.0136417743611912
"1560",7077.71757855745,-0.142842781098464,0.0555650358832972,-2.57073137500488,0.0101484010566657,0.0139733161350868
"2974",538.672732645372,-0.247369280600798,0.0964244038893634,-2.56542193286077,0.0103050407811805,0.0141824664292971
"1215",1472.80898247394,-0.174503411228294,0.0681664604123671,-2.55995998871954,0.0104684214978974,0.0144006975272225
"1279",74.7967234950778,-0.587033307720722,0.229363291499289,-2.55940392154053,0.0104851834569313,0.0144171272532805
"2555",1271.97437820942,-0.251705584627062,0.0984320343580058,-2.55715109688363,0.0105533366508959,0.0145041723745892
"1680",709.282355330235,0.225161662102006,0.0884795956002914,2.5447862930927,0.0109344635550601,0.0150210812473553
"1318",59.3932605233746,-0.610995992359297,0.240888595611777,-2.53642556555063,0.0111990547618915,0.0153774997005872
"1396",34.515722585839,-0.836975492950134,0.330042240660503,-2.53596476401057,0.0112138016662979,0.015390685589708
"2068",17691.3875254662,-0.151874972062745,0.0599657999478074,-2.53269317169007,0.0113189983210298,0.0155279426760757
"2505",32922.8495327316,0.159194783637112,0.0628690705264869,2.53216378584828,0.0113361026101205,0.0155442800226767
"2054",1654.81881251241,0.205501973926577,0.0816593631342219,2.51657576105262,0.0118501420118597,0.0162416971596355
"1268",17.8729846114027,-1.12357700621274,0.446550365609961,-2.51612604700928,0.0118652739811559,0.0162475513737384
"2380",224.21289121113,-0.331051407415257,0.131563756696053,-2.51628119878085,0.0118600515025077,0.0162475513737384
"1298",21.6105462171824,1.0205917708225,0.406069947631589,2.51333982427195,0.0119594072564656,0.0163614753138295
"2406",5630.75647866838,0.190669509406978,0.0758600719802959,2.51343696927288,0.0119561140794725,0.0163614753138295
"1476",15412.8746933817,0.13598959306387,0.0541552109970417,2.5111081751911,0.0120352810331434,0.0164577517601303
"2925",18.6383425859985,-1.06861291000182,0.425654701808132,-2.5105159310175,0.0120554882365902,0.0164778532681031
"1408",18174.6335654524,0.174444561297512,0.0694925906625141,2.51026130461433,0.0120641852574813,0.0164822110914996
"1064",11.6569575635044,-1.41105280413823,0.564627055120428,-2.49908818810899,0.0124513321330657,0.0170033709457474
"1301",222.30555198799,0.338295342928635,0.135518150169088,2.49631021753572,0.0125492800236353,0.0171293092293416
"2914",6.75275597965363,-1.89575967465394,0.761060557740737,-2.49094458433327,0.0127403989284074,0.0173822497007729
"1235",386.967826210352,0.262543229756182,0.106032620819173,2.47606093038028,0.0132840905490826,0.0181157697916386
"158",6.67001914959565,-1.91707903531019,0.774739434309588,-2.47448232323245,0.0133429423568635,0.0181877373720891
"2818",124.23673316931,-0.414088069074731,0.167675809318115,-2.46957549069659,0.0135273473196911,0.0184307027233679
"1486",66.1289919967903,-0.562798497142319,0.228306963387463,-2.4650956273602,0.01369766890716,0.0186542673510344
"2927",24.3001634867043,-0.923383082405334,0.374648315966776,-2.46466630984996,0.0137140903234444,0.0186681338706759
"1637",82.3025611525528,-0.512185894724901,0.207845632743579,-2.46426103817533,0.01372960793682,0.0186807580477332
"356",78.1937743608241,0.515626320270945,0.209918040768246,2.45632208829639,0.0140367286637233,0.0190899509826637
"1399",108.949697700674,-0.48029238889775,0.195834838837303,-2.45253802515073,0.0141852385916687,0.0192831594122094
"1993",4678.46852243315,-0.1859478992004,0.0758909595726189,-2.45019828774822,0.0142777563725352,0.0194001122010106
"1691",590.042125837635,-0.284149787547031,0.116101518940905,-2.44742523731892,0.0143880971943068,0.0195411651408833
"291",1.57748457489551,4.20143386958626,1.71739425413705,2.44640032972358,0.0144290686457205,0.0195879189600706
"1545",10.5298885340001,-1.47181645693054,0.602400943545773,-2.4432505836849,0.0145556268169169,0.0197507643701658
"1391",86.754266783987,-0.499130898328445,0.204483676016081,-2.44093273386376,0.0146493831445443,0.0198689729684844
"1540",2229.81277876892,0.167177784774635,0.0684939472795149,2.44076727090065,0.0146560963843563,0.0198690713103734
"826",187.265475150362,0.360233465881949,0.147888940361384,2.43583776448513,0.014857346444281,0.0201327810513084
"332",36.4329123828814,-0.757257407682222,0.311233092293327,-2.43308769675601,0.0149706744846886,0.0202771652594786
"615",2971.04593574045,-0.157006822788502,0.064613166436458,-2.42995091322302,0.015100867853455,0.0204442518631391
"1596",826.780148944898,-0.20665380570441,0.0851126342079962,-2.42800387542224,0.0151821810441315,0.0205450410149441
"2648",21.0275302721998,0.954984102206364,0.394325061726986,2.42181944516515,0.0154430213351323,0.0208885713538498
"1882",77.0554325378391,-0.515463878149347,0.212909217259482,-2.42105008314942,0.0154757449580077,0.0209233750177853
"1541",832.929572531878,0.193572647829973,0.080115372324736,2.41617360330493,0.0156845812647371,0.0211961459548751
"168",40.2856234208859,0.704816519567432,0.292834648950146,2.40687542302217,0.016089657282139,0.0217337492497336
"2154",33.2702619563809,0.79808976399495,0.331753644657572,2.40566992057833,0.0161428428233012,0.0217957516820024
"2197",25.2664159874888,-0.886544064617556,0.370308907838408,-2.39406626697842,0.0166627379996207,0.0224875561997587
"1386",7.14684894468382,-1.80548272401995,0.756364339889943,-2.38705426578237,0.0169839841103211,0.0229107666627956
"2919",48.7535701178316,-0.623024077696667,0.261108418964133,-2.38607426052489,0.0170293119896361,0.0229615599247369
"2674",304.723442414537,0.274674135745988,0.115126192453757,2.38585268818228,0.0170395750076085,0.0229650488390832
"2377",9.68679870031266,1.42222229482305,0.596562986162986,2.38402704795784,0.0171243436951268,0.0230689042484554
"153",863.03450894066,0.228572239181675,0.0958874687593941,2.38375506350282,0.0171370041746492,0.0230755699777454
"1202",2246.20196548925,0.164163358307495,0.0690314500447046,2.37809517547702,0.0174023335697159,0.0234117725002653
"2358",8.48598184295371,-1.57615450765399,0.662776314322536,-2.37810928603427,0.0174016676280525,0.0234117725002653
"1566",159.162690778548,0.364760637582263,0.153787188151169,2.37185322111302,0.0176991202317956,0.0238003450487787
"675",3198.57507542357,0.145351939232782,0.0616308611701982,2.35842784723357,0.0183525271207143,0.0246679070733052
"1825",6.99926199981894,-1.79507326009719,0.761415688700059,-2.3575469835168,0.0183961272184371,0.0247154075606483
"2259",51.7685499062564,-0.63211784529614,0.269408741413034,-2.34631527537198,0.0189600619887175,0.0254616272308092
"2091",693.416413286501,0.201778195198861,0.0861158913523357,2.34310058260099,0.019124226660267,0.025670563556536
"2269",20.8287760940942,-0.986350846883723,0.421223030682654,-2.34163560640356,0.0191994498213999,0.025759979311941
"270",15.1269342709598,-1.16696878796199,0.499455144295303,-2.33648366883577,0.0194660477792374,0.02610596815575
"1733",543.413316683271,-0.218855170962124,0.0937287743571872,-2.33498381327486,0.0195442663502367,0.0261991240680592
"1143",496.856831336073,0.255455979952248,0.109478074780634,2.33339854088698,0.0196272377869577,0.0262985649165148
"3078",11.8380097017177,-1.30391109589355,0.559865409573029,-2.32897241658126,0.0198605270146856,0.0265992376132226
"687",66.0205258626674,0.535939675540943,0.230814843661912,2.32194631436254,0.0202358265488323,0.0270897507982578
"2848",11.7084385280577,1.26141277179045,0.543729381189938,2.31992755114665,0.0203447968744223,0.0272234491271339
"1010",109.113608090935,0.474323443985908,0.204848831807939,2.31548034616386,0.0205866589280346,0.0275347713512202
"57",3.9352029712569,2.43660021988634,1.05290965819352,2.31415886531693,0.020659009423515,0.0276191940103471
"895",28.8162256684462,-0.805402753304323,0.348413197346026,-2.31163101581493,0.0207980259085421,0.0277926277437954
"401",5.95742427531438,-1.93431984655244,0.8371181037212,-2.31068930172924,0.0208500225889463,0.0278496730295211
"2286",2760.31110030775,0.139426776749399,0.0603483047461866,2.31036774497314,0.0208678032551885,0.0278609849797073
"2609",2426.26885988699,-0.149202571964505,0.064885299542112,-2.29948190140771,0.0214775899342918,0.0286623323297953
"2895",517.05494021637,0.227869002215623,0.0992502259610533,2.29590411517089,0.0216813644094018,0.0289213741921223
"1322",12.7569482070405,-1.18532388224549,0.517142353863338,-2.29206498634363,0.0219018934649384,0.0292025246199179
"2766",134.202945806016,-0.372406657007335,0.162635481882564,-2.28982416811261,0.0220315115563107,0.0293622639538893
"2484",4083.13189267402,0.138362232428359,0.0604638257326981,2.28834730107947,0.0221173039658815,0.0294634788361163
"3073",46.2475479755256,0.628412347448172,0.275207651220434,2.28341161541629,0.0224061337026543,0.0298349586285454
"977",3269.55402235042,-0.145786405191843,0.0642932517518509,-2.26752265936908,0.023358316285003,0.0310890045928509
"1000",125.454945035661,0.380724353848893,0.168147651114514,2.26422641842084,0.0235601925171655,0.0313437510054954
"2703",11.5262008920207,-1.35618828462966,0.599153690395927,-2.26350651989388,0.0236044831545346,0.0313887171548301
"341",538.218371592861,0.210332676893906,0.0931807674094316,2.25725418175313,0.0239921965715521,0.0318901164558347
"1263",10.2088848292567,1.30408389322422,0.578010393057716,2.25615993914145,0.0240606164359273,0.0319668580711787
"3086",104.299654738239,0.423538734900718,0.1881355306329,2.2512426731724,0.0243701714804121,0.0323637607942269
"32",48.8864505035006,0.578842548587631,0.257841668087817,2.24495347427898,0.024771119516734,0.0328762370863749
"562",1126.16222683854,-0.172834106571536,0.0769915341495975,-2.24484559868248,0.0247780463334811,0.0328762370863749
"1654",62.9958678678894,0.533136410781869,0.237624322325219,2.2436104417468,0.0248574768405922,0.032967008292133
"1891",135.24538138038,0.368526490889079,0.164325386475406,2.2426631623607,0.0249185438339735,0.0330333554059587
"2045",675.447403205896,-0.203596159909899,0.0910187916335072,-2.23685852400339,0.0252955880869895,0.0335183346130526
"1634",125.494864316677,0.377000747828872,0.169112609229196,2.22928822130542,0.0257947338459652,0.0341646054303355
"1710",251.775972554949,0.274256491276689,0.123720540527959,2.21674178035709,0.0266407419750209,0.0352695132695852
"1124",10.7771158247144,1.28741189910965,0.586385333992443,2.19550494270419,0.0281273967340736,0.0372212167308042
"2929",31.5161357218738,-0.725151336994306,0.330507445059078,-2.19405446937719,0.0282314939485904,0.0373424535341214
"2569",43.6457238456418,0.619177748202553,0.28378817127029,2.18183071348956,0.0291220289207559,0.0385033630273538
"1488",9.34776787906484,-1.33027646469751,0.60985527723916,-2.18129860369451,0.0291613376401426,0.0385383048671849
"2341",97.9447969268798,-0.424058965697156,0.194682206974423,-2.17821121040029,0.0293903158463494,0.0388237638023299
"2662",55.373898293408,-0.533524309208525,0.244974802554412,-2.17787422888124,0.0294154016403537,0.0388397536222145
"1624",220.405094982537,0.300229092569527,0.1381350719639,2.17344580417628,0.0297467806110551,0.0392599768805809
"1646",4349.6775558106,0.146910111361272,0.0676166646322936,2.17269089151594,0.0298035897820817,0.0393176105061677
"1297",57.801253912904,0.540263472271568,0.249005824154952,2.16968207111241,0.0300309391882789,0.039600074945496
"1086",4.19366727668598,-2.24661175224809,1.03804365617458,-2.16427482494074,0.0304432636506188,0.0401260990496262
"2335",107.041246603089,0.394072671498309,0.182903258130023,2.15454156217474,0.0311977262318446,0.0411024204692554
"2538",23.1115169292387,0.813570677484785,0.378316064732269,2.150505234454,0.0315152723942626,0.041502506603712
"1088",22.1262432224199,-0.826663957991104,0.384835976684913,-2.14809427411705,0.0317062670093282,0.0417356581134668
"1997",30.0293079404557,0.725249981100302,0.338399753825239,2.1431752621039,0.0320990278899956,0.0422340771534155
"1070",32.0475671589087,-0.697834152772705,0.325951249512,-2.14091571613077,0.0322808355194802,0.0424546197249604
"666",3331.46155091085,0.140479054204557,0.0656220037089948,2.14073094792291,0.0322957412910558,0.0424555614863089
"2645",24.1456417850291,-0.80246943126986,0.375263289872741,-2.13841708721893,0.0324829068685127,0.0426828534697365
"241",5282.68158891209,0.122961948783465,0.0575242962533186,2.13756546002719,0.0325520275701132,0.0427549018831337
"2095",1106.68285060868,-0.173977690716469,0.0817638113680187,-2.1278079850436,0.033353007051585,0.0437877126363942
"2382",346.907613758622,0.228401310250175,0.107461572702634,2.12542311177786,0.0335513234844125,0.0440287543269132
"2989",2.78709643052201,3.00485936770473,1.41547943387732,2.12285625335703,0.0337658992599239,0.044290912137524
"2295",1.90464088761103,3.39344807857604,1.60247040043119,2.11763541945171,0.0342059560706502,0.0448484752687929
"2795",106.701128123857,-0.393339704787411,0.185855318286511,-2.11637583693487,0.0343128554563818,0.0449689283948727
"1878",1550.46950841282,-0.150898817100682,0.0714526790667433,-2.11187066841439,0.0346975438327509,0.0454531747581395
"1670",213.465540825252,-0.301166695468519,0.142946403374857,-2.10685045834104,0.0351305440957995,0.0460002573018083
"1163",1778.8838987731,-0.188793449706799,0.0897662914638845,-2.10316641835155,0.0354512246845482,0.0463998531304322
"2251",2038.74157461685,-0.146762384685441,0.0698057627328166,-2.10243938236414,0.035514804412802,0.046442436539818
"2360",143.674473259453,-0.329747561709463,0.156834776314624,-2.10251558651738,0.0355081357535532,0.046442436539818
"1872",5.96953197326607,-1.6652417489871,0.793572770629687,-2.0984108964144,0.0358688635526131,0.0468849452815284
"1890",26.4040663600778,0.770440636686326,0.367433838507536,2.09681459882886,0.0360099907519388,0.047048861279389
"1529",1770.09753427581,0.148421240139839,0.07085428713671,2.09473902197996,0.0361941983607413,0.047268896331444
"1264",4.64965415460007,1.96713059215324,0.941018637996324,2.0904268127375,0.0365794764060884,0.0477512187639688
"1330",180.596928610349,-0.299843763335219,0.144501108710936,-2.0750274237344,0.0379839932153224,0.0495630648496488
"3044",229.189643515733,-0.308060403545462,0.148669147355434,-2.0721206048822,0.0382541952070853,0.0498938762247599
"2079",3129.96742110519,-0.124831727893502,0.0602855425345441,-2.07067437142118,0.038389236823389,0.0500481902290109
"1457",36.3631815286729,0.623849271067898,0.301316924709056,2.07040899435128,0.0384140602777499,0.0500587405710052
"433",2280.83529651549,0.146884089007445,0.0710683644634309,2.06679990620899,0.0387530123333368,0.0504749899310842
"2342",11.0773780729342,-1.19666247920815,0.579035126697287,-2.06664919628228,0.0387672215446629,0.0504749899310842
"1213",5221.26472670343,-0.149940404631331,0.0726071421737276,-2.0650916720089,0.0389143272610927,0.0506444833254413
"3092",217.56246233183,0.280105456509385,0.136241236541466,2.05595210099354,0.0397871333843885,0.0517578709069959
"2824",17.7576446235613,0.885099903784898,0.430999485794337,2.05359851451713,0.0400145660484135,0.0520311089164942
"1919",31.5945733264829,-0.668034939936604,0.325439383577893,-2.0527169532839,0.040100036855117,0.0521195961209862
"2672",133.287709234964,0.333877796588008,0.162699391771113,2.05211459584133,0.0401585267772176,0.0521729535898545
"225",749.357444787733,-0.173216369233966,0.0846463816665931,-2.04635290751393,0.0407216617913571,0.0528816024651651
"2170",30.3742800175258,-0.679634527153991,0.334434425845482,-2.03219069160064,0.0421343548797767,0.0546924033840746
"1254",8.1215243848323,1.31380047597044,0.650460651353448,2.01980008050718,0.0434041288028159,0.0563161983425954
"2790",124.132315447618,-0.357112429955392,0.177620328093382,-2.010538060529,0.0443742721495942,0.0575499879807481
"465",925.212116539348,-0.162333416338293,0.0809857368833764,-2.00446921378342,0.0450198215541669,0.0583619177166669
"73",138.603040843621,0.321805004922194,0.160980526065492,1.99903064542896,0.0456050381909508,0.0590949650356539
"1302",17.5947391864314,0.869478715305782,0.435357050825562,1.99716236054292,0.0458075484162727,0.0593316817582198
"1329",438.603569803057,-0.20248132024638,0.101414817521074,-1.99656544473202,0.0458724097751796,0.0593899827119591
"2586",16.6101580815101,-1.11983701167861,0.561000798384027,-1.99614156504648,0.0459185158476837,0.0594239616852377
"1681",71.5570649857789,0.436900748650758,0.22087585535745,1.97803760824699,0.0479244641583855,0.0619930811767788
"2312",2499.25517149294,0.138144597390781,0.0699210813492502,1.97572169544632,0.0481863063251865,0.0623048524308375
"1527",794.718038020536,-0.178602574626318,0.090581088852702,-1.97174241211377,0.0486390193668408,0.0628630436050054
"2357",3.16545001410674,-2.3060227460446,1.17685023048329,-1.95948701569069,0.0500557790214952,0.0646661877514307
"217",45.1847996601399,0.524177292466452,0.267540885197887,1.95924182608106,0.0500844729633592,0.0646753315090077
"2076",318.551230922702,0.220167999714368,0.113165561034974,1.94553888745645,0.051710154120364,0.0667458072166217
"1182",392.253680710295,-0.253370457097017,0.130278882762163,-1.94483136272798,0.0517952780934497,0.0668268529778359
"1331",357.726131865922,0.218191693181279,0.11237522626662,1.94163518446317,0.0521812803185743,0.0672958580660233
"7",1081.09790219402,0.151902608391615,0.0782857624555865,1.94036059210375,0.0523358823261837,0.0674661611029478
"2880",1.26459956083717,-3.68321944915406,1.89860296319959,-1.93996297306256,0.0523841899387463,0.0674993524103053
"404",30.9936439364608,-0.644235349562503,0.333573610231508,-1.93131389834882,0.053444245663648,0.0688356362572685
"1723",70.3267714511446,-0.446297453078806,0.231443132367314,-1.92832445929096,0.0538147813179341,0.0692830575315227
"1479",6245.16694821232,-0.113399797242006,0.058823053875483,-1.92781213777257,0.0538784974249952,0.0693352534604669
"376",2020.89738809317,0.126640372804437,0.0657276595771453,1.92674398600483,0.0540115432378591,0.0694765852827491
"342",180.498102348954,-0.274849943490971,0.14341014470575,-1.91653068933798,0.0552975807408344,0.0711002843045021
"347",173.546586518829,-0.302941498601487,0.158508708049339,-1.91119782836909,0.055979162860599,0.0719457282125911
"2912",50.6282702478224,-0.506536355648577,0.265107645115006,-1.91068181164235,0.0560454835801235,0.0720000373000127
"2566",125.264252106908,0.331471063344355,0.173595346865618,1.90944670654652,0.0562044904522221,0.072173319928347
"3045",878.089423703161,0.15348693423287,0.0808082616211811,1.89939656111398,0.0575123553100566,0.0738210927017114
"1176",1737.76869136051,-0.144540867393115,0.0763703398279329,-1.89263093131149,0.0584069673656975,0.0749372411484421
"2451",160.970081147912,0.286464316118038,0.15139704509526,1.8921394135387,0.0584724081679874,0.0749890463946071
"2491",1485.99025704964,-0.14546207156909,0.0769549723812547,-1.89022316645678,0.0587281196059169,0.0752847188778506
"531",51.2612059870541,0.4964310327869,0.262693667598838,1.88977160098508,0.0587885132570437,0.0753298636681263
"86",13.3518659179324,-1.05486219631245,0.558640746702703,-1.88826576388962,0.0589902810166143,0.0755560448637457
"762",15.1873032660975,0.939162323399343,0.497758687089734,1.88678238624098,0.0591896011568289,0.0757788988708738
"9",73.7095889151528,-0.408984583360855,0.216784759244659,-1.88659288035689,0.0592151051137371,0.0757791251070579
"300",13.5493777182928,-0.945707839195142,0.50243798132144,-1.88223795642972,0.0598037142454044,0.0764996635409363
"2588",9.63348919540926,-1.15387217415256,0.613172118862936,-1.88180796004275,0.0598620946482336,0.0765416184562029
"2892",10.5292153518595,1.05079627561743,0.558562956040235,1.88124948898642,0.059937988547532,0.0766059212875761
"2816",34.3606285831119,-0.587161959071995,0.3126897064701,-1.87777834358657,0.0604114940545095,0.0771781341635748
"2627",8.74084381292628,-1.19710692438259,0.638146823252262,-1.8759114372483,0.0606674418801611,0.0774720384572949
"27",730.38918937844,0.164708287597401,0.087866403093218,1.87453089917271,0.0608572873157789,0.0776813155498338
"575",5.18845188448122,-1.65772213374894,0.885110178187126,-1.87289918769692,0.061082307391128,0.0779352936947782
"1617",6854.6590244662,0.0997317937033156,0.0534381564707634,1.86630303681752,0.0619989801697364,0.0790711631150261
"1162",3994.79465039261,-0.110280861479231,0.0591553381693986,-1.86425882924425,0.0622853654672066,0.079402562197649
"1935",1004.01201818655,0.141118964719485,0.0758065310387544,1.86156737138309,0.0626640960409128,0.0798513523655924
"2331",22.3277109849222,0.757813512929814,0.407909983820528,1.85779594270298,0.0631979975278056,0.080497406812769
"3049",42.2524369565738,0.530562723457258,0.28562152530755,1.85757261426975,0.0632297305134315,0.0805035547643349
"2664",16.0119579358074,-0.864427815374972,0.465949513995073,-1.85519630219877,0.0635681995478614,0.080900065098767
"2905",9.04596169246586,-1.15137070280045,0.620981528896949,-1.85411425174857,0.0637228161863668,0.0810623580057864
"2438",5277.4538024894,-0.108256649728383,0.0585106808068855,-1.85020321478883,0.0642842657999149,0.0817418288454506
"2979",198.658475805796,0.256027118994113,0.138808780694841,1.84445910202876,0.0651162608582064,0.0827645932403371
"1249",492.408135991524,-0.186854056402636,0.101423539409263,-1.84231449120154,0.0654291612955302,0.083097143179333
"1491",10.144682853554,-1.10584948128333,0.600259661289205,-1.84228518522842,0.0654334456318545,0.083097143179333
"2678",17.6045991521236,0.817781191430736,0.44457760603139,1.83945655457282,0.0658480624111255,0.0835527577328615
"2781",461.842395929837,-0.193702658834717,0.105299551725953,-1.8395392540591,0.0658359097791708,0.0835527577328615
"2589",15.4165829088423,-0.862406186445996,0.471361169708764,-1.82960804127935,0.0673085704401246,0.0853697510626761
"1066",12.0523800437513,-0.963085901014798,0.527712508545828,-1.82502003537625,0.0679980059536651,0.0862076414463415
"2632",9.84181680249516,-1.06592596021718,0.584398682842551,-1.82397050423257,0.068156531550272,0.0863720213462151
"17",20652.7168645075,0.115503101465998,0.0635522262155848,1.81745169829587,0.0691479778528942,0.0875913419711513
"1300",22.2997246459065,-0.701968703787355,0.388638261293891,-1.80622644165372,0.0708829763052814,0.0897511066887017
"1087",30.1304187833708,-0.614099645953045,0.340034143069009,-1.80599406992025,0.0709192658586265,0.0897590708329148
"964",781.441353264043,-0.150213094335346,0.0832728180762688,-1.80386706977741,0.0712521484250259,0.0901422528911956
"2676",15.3356391756922,-0.838043548544936,0.465234210432036,-1.8013368960264,0.0716497957716051,0.0906070113899588
"2641",128.295106746343,-0.297811114361515,0.165458081419008,-1.79991881815271,0.0718734578018497,0.090851451518012
"1096",76.3129349007202,-0.376360207774406,0.209508622444232,-1.79639483751838,0.0724317443210713,0.0915184877570293
"171",7.67257185369941,1.20076256729911,0.669278639154933,1.79411458404717,0.0727948817221485,0.0919384913941191
"432",3928.96527674923,0.124646844890847,0.0695530521246833,1.79211179212381,0.0731150603373965,0.0923039073964094
"2754",241.030417879317,-0.230077066414023,0.128821379235718,-1.78601617044502,0.0740966399511917,0.0935036468721913
"2051",390.240415407714,0.202540526024995,0.11397998628359,1.77698324617324,0.0755709963971131,0.095323954983205
"1543",4.81310934911267,-1.55071529204862,0.875216477941798,-1.77180769687445,0.0764264844753242,0.0963624279604593
"1580",93.812012967218,0.339559470564274,0.192332589970982,1.76548067394873,0.0774830154578651,0.0976122872631294
"2603",369.688658919302,-0.189948559129437,0.107585395505164,-1.76556082019812,0.0774695580466117,0.0976122872631294
"1412",7029.68514190922,-0.103211805424152,0.0585634189711071,-1.76239378160405,0.0780027885546708,0.0982257337355114
"1183",700.525859299382,-0.152059413190074,0.0863270961193195,-1.76143320030018,0.078165109866872,0.0983887289531683
"1252",3.32739113598947,-1.89921525419674,1.07870891010421,-1.7606374031093,0.0782997937470098,0.0985168136631847
"2893",29.5213742537578,0.582749466109235,0.331073663489427,1.76018067993453,0.0783771766706729,0.0985727249258736
"1313",993.429652144712,-0.132900245405055,0.0756561882948432,-1.75663416833959,0.0789801850900563,0.099289375541785
"2725",25.7288423352829,0.65769086591241,0.37451393864414,1.75611852603794,0.0790681724392697,0.0993582410492629
"207",78.885643595017,0.372806296996612,0.212895119404467,1.75112655489457,0.0799241129905702,0.100391665015863
"1724",150.113474404081,-0.27776335042999,0.159020350718913,-1.74671574533859,0.0806866577792003,0.101306957648077
"1564",27.7399583349293,-0.600841222730991,0.344707361800742,-1.74304726070315,0.0813253597932781,0.102066055579483
"2387",584.93854502142,-0.156020449005957,0.0896260115545481,-1.74079428839696,0.0817196435061428,0.102517892398482
"3",140.925911629732,0.274176768428612,0.157705695424398,1.73853434836822,0.082116703212896,0.102972831522626
"2511",6011.45909546187,0.110186565944185,0.0634325196964826,1.73706746116054,0.0823752639755545,0.103253787102999
"3082",12.5912092636512,0.935827322716757,0.540986002873387,1.72985496435437,0.083656191307733,0.104815462476021
"3029",3.99410590032867,1.71804693940264,1.00002547241148,1.71800317771878,0.0857960356615421,0.107451544034882
"1455",199.500853734579,-0.2453507875157,0.14291465149097,-1.71676441117867,0.0860222259571859,0.107689748980711
"77",561.944696481876,0.158249600644103,0.0923324518679062,1.71391095376196,0.0865450810155314,0.108298988874308
"1321",7.98373576551758,-1.16286302397213,0.680322013882984,-1.70928325152234,0.0873984941792006,0.10932119338803
"2619",6.6814950588537,-1.24485357810496,0.729929705879199,-1.70544309688771,0.0881118163950497,0.110167385981608
"1090",21.8064077747324,-0.715319520937057,0.419658856210964,-1.70452621301875,0.088282823174089,0.110335090616906
"1565",39.8566308350659,-0.489443029856577,0.288888022916241,-1.69423095120314,0.0902214055534724,0.112710833159077
"1894",32.8291758118113,-0.549742157900357,0.324597017771974,-1.69361432114742,0.0903385949016136,0.112810131863785
"1732",402.62360013432,-0.201050885304891,0.118988932928793,-1.68966037728237,0.0910929477340059,0.11370467234883
"2444",15167.5086068981,-0.0988100612016421,0.0586505603617283,-1.68472493003016,0.0920416543239527,0.114840963193189
"2391",2007.77702831697,0.106104747835197,0.0631393126934245,1.68048626614599,0.0928627442170811,0.11581714493435
"148",55.7922934659845,-0.412980945371352,0.246623884232343,-1.67453751146942,0.0940250085960579,0.117217844049752
"1397",17.5034948133299,-0.76057977971659,0.455867997334408,-1.66842108716541,0.0952321650806377,0.118673318584451
"1620",10.0289179798409,-1.01351123921107,0.608497629480683,-1.66559603539629,0.0957939013319299,0.119323627304386
"1255",8.55215952925654,1.03297440657087,0.62277114797251,1.65867415331268,0.0971814703947509,0.120980408723702
"1518",4379.88323535703,-0.103583847454926,0.062454152260779,-1.65855821759311,0.0972048471162364,0.120980408723702
"778",9292.10596061411,0.0991088812971186,0.0600777858250093,1.64967599814342,0.099009221833689,0.123174882214718
"2205",85.7796233840528,0.342752262812581,0.208254060131577,1.6458371212356,0.0997972974077088,0.124103704839512
"2261",5.05002476293909,1.37971593248318,0.842371118854583,1.63789558022746,0.101443478119447,0.12609841567652
"22",223.86438632895,-0.247937162602919,0.151807967738186,-1.63322891609037,0.10242086055236,0.127260471251105
"2883",53.5850530647078,-0.426382619682695,0.261389891704056,-1.63121311579043,0.102845358755726,0.127734874801632
"3010",56.8377427911532,-0.408314485813031,0.251609734736987,-1.6228087766153,0.104630288983535,0.129897852547194
"2327",16.6558006880423,0.746480878776957,0.460251600730825,1.62189740913803,0.104825316394685,0.130086000270799
"3012",2.00169664159872,2.48106866891961,1.53637104761133,1.61488897670718,0.106334739841734,0.13190445340235
"1393",111.68809986053,-0.304839051591749,0.189751130762611,-1.60652034254867,0.108159628977701,0.134112561086316
"2828",1.91952019563779,2.38256762578533,1.4835555043556,1.60598482415407,0.108277244406614,0.134202781799747
"3069",18.2860130371626,0.674427876343569,0.420297604380295,1.60464363659168,0.108572252448762,0.134512703654947
"2577",84.1415301285321,-0.325734512872499,0.203026515926378,-1.60439394522545,0.108627244793909,0.13452513096994
"85",199.68530914214,-0.220682019933816,0.137629562992225,-1.60344925273273,0.108835504508364,0.134727277405472
"763",18.6615068390024,0.712715288687699,0.445721530389007,1.59901472128948,0.109817331614729,0.135886458309044
"741",402.159894894741,0.170944978060131,0.107070737444736,1.59656113462713,0.110363568142156,0.136505909831058
"1579",802.584996378489,-0.429293716710766,0.268998722861274,-1.59589499959135,0.110512238138684,0.136633312607828
"498",851.689420902597,-0.128621203606377,0.0808173056954661,-1.59150571154951,0.111495811067559,0.137792427391217
"82",12.8804174303,0.810730260197172,0.51452035687796,1.57570103759659,0.115094718225246,0.142181419046216
"361",23.0802446323657,-0.608439648817082,0.386765037837703,-1.57315059349392,0.11568395229386,0.142810520622317
"744",327.364801590288,-0.178591791319296,0.113529743063542,-1.5730837267846,0.115699432482786,0.142810520622317
"2695",14.241499533614,-0.813507267782332,0.51732287742375,-1.57253294467387,0.115827004994611,0.14290903049232
"1641",239.044824901577,0.209266198117928,0.133450832969841,1.56811458917773,0.116854392359078,0.144117206075169
"2353",5.90783319956576,-1.23205088230804,0.786676960103218,-1.5661458829891,0.117314468565998,0.144625006159648
"483",247.558349485616,0.214797848089129,0.137675587853381,1.56017382194061,0.118718810097861,0.146295996628007
"1155",8237.48413543287,0.0959275729996821,0.0616683361249908,1.55554015281447,0.119817479429977,0.147589089524286
"1639",26.4014429920816,-0.570646879030296,0.367293485166082,-1.5536536913315,0.120267044760769,0.148081892149885
"2239",320.398082332154,0.492408537843007,0.31738120248152,1.55147354031365,0.12078824351952,0.148662453562486
"2344",378.693307474387,0.168766330899987,0.108835944722827,1.55064883508647,0.120985862197552,0.148844448887778
"1291",40.5404704945044,0.444909969216746,0.28786422456212,1.54555492226765,0.122212094998259,0.1502912405404
"2687",15.1575580289621,0.707779983134675,0.458093338875035,1.54505626489311,0.122332654474355,0.150377691942181
"1661",9.26135925267457,-0.92138676605088,0.596448523495259,-1.54478840965427,0.122397451701948,0.150395554616931
"1281",15.5377175987184,0.715603986653948,0.464203279053043,1.54157460523276,0.123177000549514,0.151291291315331
"2334",101.534684613855,0.297823902603837,0.194317745926184,1.53266445730064,0.125358550853699,0.153907584798633
"364",2548.80300618702,-0.0965869634240115,0.063498294660345,-1.52109539225674,0.128235900615719,0.157375641772859
"681",25786.0260172752,0.117951262784242,0.0780192645775454,1.51182228418735,0.130579078798959,0.160185569399953
"1921",117.910809578896,-0.271731359522235,0.180228142607504,-1.50770770641522,0.131629352293427,0.161407795927022
"3062",28.1797072334462,0.54367807426635,0.361248331204274,1.50499816138644,0.132324549439365,0.162193794314863
"1095",18.0769586372976,0.700822895444932,0.468056819996652,1.49730303139252,0.134314426471441,0.164565423424468
"1347",2188.01243879337,-0.118072789218934,0.0791542699494288,-1.49167934079072,0.135783227526554,0.166296936864286
"3077",3.94736125545464,-1.46983584558267,0.986132741018656,-1.4905050653367,0.136091485602218,0.166606270426283
"2975",994.96093637503,-0.111427828911474,0.0748064621692022,-1.48954817111174,0.136343078397803,0.166846008411545
"150",566.869743732707,0.142039157420956,0.0956714854524382,1.48465508556955,0.13763521525209,0.168358366326351
"1932",666.112698366315,-0.148089413532377,0.0999469259672535,-1.48168052292971,0.138425321966012,0.169255645002986
"1881",259.834841830633,-0.182412760598189,0.123256942447786,-1.47993903609496,0.138889516875043,0.169753853958386
"2362",39.1076700908983,-0.427058717311222,0.289871353565641,-1.47326982145035,0.140678294729687,0.171869929698335
"1821",78.9156464184217,-0.305655203145081,0.20831622338481,-1.46726547831305,0.142303850833301,0.173714043938489
"2810",10.1876462288379,0.856690518815663,0.58381451603545,1.46740188070905,0.142266763188274,0.173714043938489
"120",31.2398078454532,-0.477452197911373,0.325909239985715,-1.46498515332766,0.14292496842636,0.174401103397908
"1996",12.8613801620136,0.741983439016214,0.508117261071163,1.46026025065954,0.144218562029541,0.175907842475494
"1884",123.338314894529,0.26096232288116,0.179074063787684,1.4572870987647,0.145037146553953,0.17683420639341
"2477",0.798411061287309,-3.01539255523745,2.08053209966556,-1.44933719394292,0.147243438899758,0.179451066879053
"980",137.018961441604,-0.241157590033771,0.167277943001316,-1.44165803157846,0.149398868650686,0.182003833470217
"1156",3602.29191734209,0.0883548770069185,0.0614164526159766,1.43861902215978,0.150258493837141,0.182976562295778
"1214",1812.92288418162,-0.101740590283595,0.0707421800066121,-1.4381885075366,0.150380575141438,0.183050724500888
"1755",3385.85886423739,-0.294080424485374,0.205751331604817,-1.42930022465278,0.152917961473073,0.186063660320225
"1326",1308.83183400628,0.104194980181187,0.0731669228858252,1.4240721909787,0.154425575513717,0.187821675584163
"576",29.7829978848432,-0.473548726701479,0.333864248211107,-1.41838705173981,0.156077793834427,0.189754067107926
"122",46.1876831189953,-0.400927600080308,0.283353727909421,-1.41493674015989,0.15708704458363,0.190903508283599
"1266",3.43695205195536,-1.47995381034233,1.05048018334555,-1.40883553426872,0.158883805215572,0.193008666343886
"1584",34.7172344114077,0.436376217535678,0.30993727143037,1.40795011687942,0.159145841416075,0.193163851040042
"2164",34.9569951383996,0.428612256483248,0.304466263285891,1.40774958728608,0.159205232842494,0.193163851040042
"3063",22.4754810774946,0.583542741064827,0.414424678430304,1.4080791309897,0.159107639799334,0.193163851040042
"66",255.530384188053,0.181564531565134,0.129360172784481,1.40355820231956,0.160450449013208,0.194595761429882
"2714",22.3208976007862,-0.549301784597747,0.391484094563386,-1.403126697166,0.160579061395573,0.194672832939851
"2333",19.8144168264273,-0.564040987665913,0.402810388879355,-1.4002642514636,0.1614342017002,0.195630267916969
"64",112.054978570584,0.252365584134949,0.180274402995997,1.39989693456676,0.16154418414649,0.195684291079473
"2894",98.8323730448309,0.262157492241553,0.188072900682744,1.39391422841816,0.163343507110718,0.197783801406422
"62",52.8062416973388,0.368281182688025,0.265636807013987,1.38640870904849,0.1656221386199,0.200461747067452
"323",34.583533448569,0.442280356563723,0.322868184573183,1.36984806089952,0.170734335797539,0.20656576332642
"3079",10.271635746213,-0.821445432851776,0.601658963012181,-1.36530074901443,0.172158543676141,0.208204673677855
"777",53.9908597046786,0.340685314838183,0.249970378843421,1.36290274237486,0.172913164325404,0.209032803095599
"365",6019.30790986336,0.0784921576122827,0.0579340791040369,1.35485294365908,0.17546441455145,0.212031311929701
"2751",41.5902711759253,-0.376059956563713,0.279327582727755,-1.34630441036766,0.178204364075885,0.215255331980237
"1709",54.1595604186943,-0.358026337114632,0.266075698374833,-1.34558074751443,0.17843776403945,0.215395922842125
"2902",270.465530098697,0.183024336739044,0.136027292945377,1.34549716292994,0.178464736873538,0.215395922842125
"771",4.8982090882826,1.11701060283536,0.830776989804896,1.34453724229613,0.178774721792779,0.215683051453223
"2926",24.7788782685054,-0.519286470271747,0.387876827757256,-1.33879219667314,0.18063833183671,0.217843566648705
"402",7.90102663116976,-0.865804875937439,0.649057002224314,-1.33394273996018,0.182222623001993,0.21966562772843
"2631",7.30171262906737,-0.938078516594963,0.709800832303867,-1.32160808201669,0.186298690732528,0.224488796887524
"454",1690.82367172809,0.0867479875459157,0.0661308990961154,1.31176180471757,0.189600516028364,0.228348384095824
"1398",35.3947032524228,-0.407314340814959,0.310547114722156,-1.31160239946,0.189654323020763,0.228348384095824
"3035",2.52294697663126,1.60800215192169,1.22754112190508,1.30993750288883,0.190216978823803,0.228933709026878
"2330",68.6870637091832,0.288665446788904,0.22063390938802,1.30834579140435,0.190756050163718,0.229490189823018
"464",20.4832546065079,0.531382822338939,0.40642601593937,1.30745277491835,0.191058983704952,0.229762250500489
"3024",12.9053265738578,0.662383495275384,0.507742150569051,1.30456668711278,0.19204043790268,0.230849734915556
"1084",25.715838450084,-0.483545166818761,0.370778325184016,-1.30413547388127,0.192187395705015,0.230933609618235
"3011",5.14072877139376,-1.15052254006101,0.885865239547495,-1.29875571215403,0.194027777877974,0.23305142971132
"1262",5.95753196779047,0.962050077735369,0.74126551680436,1.29784814742607,0.194339521027358,0.233332201811339
"2340",69.5936085635363,-0.289191319179893,0.223449559862731,-1.29421297297497,0.19559186693302,0.234741622889529
"1220",1.76131289153069,-1.95372988492187,1.51194880377979,-1.29219314836432,0.196290263887495,0.235485352666955
"1648",59.5714381642507,-0.324858264750401,0.251864973243989,-1.28981120544976,0.197116216398272,0.236381450686825
"1625",136.429704435502,-0.216906522523569,0.168312012059576,-1.28871682935376,0.197496549530198,0.236647847895215
"2374",42.2750373636815,0.379299882221457,0.294319534186437,1.288734990934,0.197490233380492,0.236647847895215
"84",19.6918246635911,0.515257454372021,0.402689521566193,1.2795402581324,0.20070687233904,0.24039830345813
"1683",83.1191731606266,-0.255848936853137,0.200736431892869,-1.27455158209488,0.202468004211843,0.242410671709417
"994",835.71337028354,-0.10450202455224,0.082101738613126,-1.27283570747104,0.203076347406531,0.243041772576136
"37",221.208475948875,0.165754766875732,0.130541059301464,1.26975196740934,0.20417299517878,0.244256538014758
"2354",8.62910929497294,-0.77364439570261,0.61014506271401,-1.26796796857018,0.204809389632605,0.244866521097719
"2403",10169.5438114516,0.0768344472665503,0.0606014946404288,1.26786389877738,0.204846558257885,0.244866521097719
"2207",32.2504124600977,-0.415617522053882,0.328360891924469,-1.2657339295737,0.205608356554035,0.245678994732298
"273",8.48107560849175,-0.837881576915069,0.663805670732424,-1.262239257448,0.206862706486255,0.24707912886502
"663",434.670670446017,0.131791651288823,0.104436879019877,1.26192636667876,0.206975283357368,0.247114943258279
"779",4276.14170271831,0.0887487074059813,0.0703648336506313,1.26126507804492,0.207213358698209,0.247300506272454
"1623",1916.81932843705,-0.087741941987878,0.0697233453787958,-1.25842989189905,0.208236327097521,0.248422284958446
"573",17.6145769225394,0.55863199377555,0.444583104703284,1.25652996676152,0.208923888137844,0.249079528033565
"2378",10.8544052921346,-0.698225305502693,0.555815462944665,-1.25621784936236,0.209036996955976,0.249079528033565
"2731",1.11361795477327,-2.29105477188874,1.82364360115539,-1.25630620502669,0.209004973077845,0.249079528033565
"3074",1.53530468195819,1.97083291123791,1.57887287345714,1.24825306987669,0.21193839464713,0.252436177063779
"1934",4204.10881330778,-0.0794754486669984,0.0637755631645333,-1.24617400025087,0.212700522039833,0.25324312055041
"1809",20.9600394041947,-0.500493703779415,0.401702023328115,-1.24593274296407,0.212789088044578,0.253247792931335
"2900",219.501930451278,0.164120985895662,0.132283791333498,1.24067343580968,0.214726411365206,0.255451857974035
"2667",55.578212677139,-0.30898485429771,0.249560970735289,-1.23811368976222,0.215673908510738,0.256477080391148
"2078",2219.79945001346,-0.0814017594857516,0.0658309400771027,-1.23652737436853,0.216262596843394,0.257074966132473
"669",1035.80194186962,-0.104855904545101,0.0849503532524159,-1.23431981775919,0.21708375407186,0.257948606903497
"1813",48.4035150240239,-0.334450963750364,0.271698077226952,-1.23096551570732,0.218335762038118,0.25933330687497
"463",58.8168809265385,-0.296351161787506,0.241055456794483,-1.22938997410943,0.218925627465823,0.259930744991167
"1395",471.829097963115,-0.117693789557385,0.0964840621819546,-1.21982622721079,0.222530756765177,0.264106316636814
"932",376.416988143104,-0.138057233574538,0.113605059556507,-1.21523842435793,0.224275169254125,0.266071096910524
"1630",4.39719994834308,-1.06061723045202,0.876592021568059,-1.20993256196283,0.226304771288249,0.268372523065573
"430",2.75775913082063,1.33174139424307,1.10306493473014,1.20731006155034,0.227312757267776,0.269461081515526
"1129",1043.71981996789,-0.0906712242475085,0.075206025595201,-1.20563776013839,0.227957192999504,0.270117988694857
"1714",156.09316654049,0.179996797275164,0.1496540231791,1.20275281246366,0.229071990107524,0.271331510056101
"1339",7410.32592502094,0.0892426860307965,0.0745080970158176,1.19775822501346,0.23101115471637,0.273520132533194
"1065",24.6375996026049,-0.447511528278908,0.373875644823027,-1.19695287584388,0.231324922897444,0.273783294821659
"2363",2.10366673255349,-1.5533534443239,1.29834345513334,-1.1964118108982,0.231535894524662,0.27392463282633
"2829",3.51262307006559,1.18123805923508,0.990514717350406,1.1925497305026,0.233045763321722,0.275601946189167
"860",0.618883958775646,-2.65926517526293,2.24430551636838,-1.18489446105628,0.236059177675491,0.279055337655104
"38",1026.59886362601,-0.0962642200385344,0.0813106172109635,-1.18390713710576,0.236449824636933,0.279406743804781
"1194",1504.14434990975,-0.109187724994946,0.0926244170270743,-1.17882226414478,0.2384689568906,0.281681452434534
"21",6.1781946126595,-0.930130707815527,0.789988081529399,-1.17739840582761,0.239036525869152,0.282240444120167
"2990",1.48112090572595,1.95933913120124,1.66773273753911,1.17485199342697,0.240053934640953,0.283329929958869
"2395",1982.35524581405,0.0770283475900647,0.0656155094556671,1.17393506853907,0.240421034584252,0.283651315250821
"993",8535.89209787416,0.0617842004532926,0.0529138559629695,1.16763746147192,0.242953032678129,0.286525610474167
"297",1.1165402861925,-2.2778409056708,1.95449576604805,-1.16543660274923,0.243842308357717,0.287347848210433
"983",33.7599912695705,0.369018664592931,0.316586478208673,1.1656172641388,0.243769224564521,0.287347848210433
"703",13290.2915152161,0.0841981066680355,0.0722725100154521,1.1650087515991,0.244015450356737,0.287384815230584
"2495",108.225558031699,-0.219530013482423,0.188456476541111,-1.16488442059211,0.244065780581856,0.287384815230584
"1581",33.1335390399623,-0.369485199803788,0.318534862823887,-1.15995215257826,0.246068287375449,0.289628763110678
"1650",100.109516148485,-0.234303620984389,0.2021792229715,-1.15889069876096,0.246500740706533,0.290023679195418
"1635",1237.13752273454,-0.0831110229425168,0.0718101216370343,-1.15737198389112,0.247120415215177,0.290638475756214
"595",61.6998888523211,0.275160418682846,0.23848270416359,1.15379611971397,0.248583765394551,0.29224464678212
"2496",98.3665819908423,-0.222947811434079,0.193439430506401,-1.1525458426466,0.249096843185293,0.29273281807164
"2624",5.27620683811523,-0.937783941111159,0.813870500854196,-1.15225203533844,0.249217520616648,0.292759647304677
"2649",11.0205152643471,0.626258678403232,0.543824331909214,1.15158267414151,0.249492604388869,0.29296776779101
"2287",881.606996208988,-0.0923379882493156,0.0803317939120093,-1.14945756533779,0.250367354901342,0.29387960999012
"2745",20.6565198709942,-0.458031567915264,0.401958387853871,-1.13949996257269,0.254494683887652,0.298607095761512
"1068",3.88700294250416,-1.08702126844308,0.955158229544837,-1.13805360705637,0.255098098549299,0.299197769839084
"2956",291.510457045769,-0.14586276925131,0.128405232303092,-1.1359565855308,0.255974734415511,0.300108309314737
"1499",111.64420491671,-0.201118706589486,0.177587204535024,-1.13250674290456,0.257421451152666,0.301686244359098
"1868",383.992022043149,-0.125568102750237,0.11103642731927,-1.13087304573645,0.258108529684349,0.30237303085966
"1698",1.55531927270106,-1.83602135741444,1.6257879678435,-1.12931168991846,0.25876637125778,0.303025042193064
"1299",23.3232294595973,0.424823359210104,0.377773884027158,1.12454401209895,0.260782310210622,0.305158538361042
"1392",5.51071361633403,-0.872747505632106,0.776106291482066,-1.12452059107199,0.260792240170182,0.305158538361042
"3075",56.2701128667424,0.295157696707972,0.263072928209218,1.12196149834634,0.261878810542262,0.306310164637392
"1656",434.214848721729,-0.116587661510349,0.103998990025202,-1.12104609364087,0.262268242649516,0.306645792109164
"2618",34.9452279611834,-0.367431245065209,0.328724454950761,-1.11774843499321,0.263674450143879,0.308169513605658
"1093",13.5286503592724,-0.554851612428585,0.496950099458664,-1.11651373655623,0.264202293608043,0.308665858053598
"1862",1830.89502356896,-0.0769757192262002,0.0689641583271908,-1.11616992207749,0.26434940665447,0.308717183727625
"459",2126.92199722959,0.0717208690544279,0.0642722256127791,1.11589210379184,0.26446832217012,0.308735552061256
"792",0.620655192032458,-2.66220653907308,2.38668844908489,-1.11543948691495,0.264662136296289,0.308841307253704
"1233",12.1918582816745,0.582305718379293,0.522587682771564,1.11427371439566,0.26516178002108,0.309303721568449
"837",1818.28510080329,-0.0733847939853695,0.0659538145390356,-1.11266944146098,0.265850424490566,0.309986153575905
"76",81.2488272653169,-0.237954814356806,0.214024395959752,-1.1118116385272,0.266219146698837,0.310295164364208
"2615",0.534561869893155,2.63426982884427,2.37972376387012,1.10696454304435,0.268309258507024,0.312609541064258
"486",2300.95958024804,-0.0726269945939601,0.065982567694495,-1.10069973224185,0.27102736283559,0.315653510939698
"1726",168.159679526425,-0.159218797120994,0.145740980427805,-1.09247787858725,0.274623108557451,0.319716864126028
"2268",19.9885183850083,-0.435188579255826,0.398817163860644,-1.0911982198637,0.275185671033661,0.320247190872312
"849",1.35875729096069,1.78058769651883,1.63822104017939,1.08690320344308,0.277079590441753,0.322325868818711
"1848",913.055307829304,0.0890062369131842,0.0819450196282536,1.08617018236086,0.277403706650972,0.322577493315083
"617",86.6203332227363,0.220668115357411,0.203349308422393,1.08516776904421,0.277847356569966,0.322967867465943
"2643",10.005980613601,-0.622703394118121,0.574158071735595,-1.0845504483387,0.278120811735051,0.323160182023795
"2379",6.64874625787848,-0.766172565371433,0.706677433713788,-1.08418994129327,0.278280590603743,0.323220313309937
"2118",19.3210290846719,-0.462724803266075,0.427910623327917,-1.08135853152559,0.279537660357317,0.324554396503335
"1312",19051.8434328023,-0.0736520055738863,0.0681713426651496,-1.08039540801854,0.279966139815471,0.324925791438281
"338",861.1495601319,-0.0864650331076343,0.080421917827855,-1.07514264075018,0.282310871170619,0.327520018046721
"1722",90.8722643802032,-0.206312535213281,0.19283192704281,-1.06990859022779,0.284660456078906,0.330117862243445
"3064",42.3477705814365,0.310507965027868,0.290325612358404,1.06951626659983,0.28483710307861,0.330194735533204
"1576",2.84366647852763,-1.2203260058454,1.14268853253436,-1.06794281302435,0.285546308670866,0.3308886737193
"1242",986.181867380184,0.0820776027219083,0.0768872653739815,1.06750581286356,0.285743490167494,0.33098897506045
"3020",56.0341498502915,0.257597310692916,0.242306493263222,1.06310527309346,0.287734213416966,0.333165931324909
"2750",82.5702772979281,0.224564240627979,0.212358460030266,1.05747725141712,0.290293831399152,0.335999668683274
"2778",14.7064686479402,-0.504420581920106,0.477129698177348,-1.05719804037982,0.290421213992138,0.336017119978529
"2188",4304.06814106098,0.062198917366309,0.0592558462871658,1.04966718498763,0.293871155943313,0.339877270422263
"1632",0.962073593709901,-2.01500957397016,1.93115997106463,-1.04341929418685,0.29675414136223,0.343078976412593
"1926",4408.00692922065,-0.0675955918810809,0.0654659461278899,-1.03253058848383,0.301823625772719,0.348805055354181
"2629",0.521461352501179,2.60699012630991,2.53712184878997,1.02753840047267,0.304167013135636,0.351377491622325
"2666",48.1690965016281,-0.267240015541665,0.260285385243964,-1.02671925006924,0.304552682158073,0.351687234664976
"754",1.33197547039176,1.75417136617571,1.71260065019065,1.02427344400484,0.305706137437729,0.352883010499107
"2888",466.926554757416,-0.110313010113946,0.108462792389397,-1.01705854776361,0.309125578178085,0.356692529853001
"2551",37.7737947030146,-0.301691888344511,0.297592777883062,-1.0137742269507,0.310690496008307,0.358360047824539
"2823",20.8561332056728,0.392629328892301,0.388489447499056,1.01065635481194,0.312180933241644,0.359940405494798
"1294",93.9691669954735,0.201325002808646,0.199509036193929,1.00910217727157,0.312925633913654,0.360660052646246
"3072",39.285391016894,0.295706425319708,0.294380927161722,1.00450266316764,0.31513638821704,0.363068183883474
"2397",1557.72134387104,-0.0775112367635312,0.0773525945123997,-1.00205089760895,0.316319011274161,0.364290408672937
"2677",6.50107014098723,-0.719683076599834,0.718752617749743,-1.00129454672875,0.316684428549977,0.364570915822059
"1259",46.4381096224989,-0.26930961712397,0.270216237338945,-0.996644834433699,0.318936935441068,0.367022811861413
"187",22286.1386905204,-0.0552235254290052,0.055616993459496,-0.992925399126846,0.320746310988992,0.368963076693219
"757",2.15386869513446,1.30027738329064,1.31310928503698,0.990227849355299,0.322062763214619,0.37033504517223
"453",435.548851393981,-0.104771913382454,0.1063805873581,-0.984878124706802,0.324683939704097,0.373205665614544
"1849",1200.76748029194,-0.0823869995699927,0.083900524881492,-0.98196047863065,0.326119318849468,0.374711598309373
"69",14.0857142271365,0.481272385853947,0.492489537718005,0.977223573284353,0.328458480001083,0.377254423095294
"2390",11935.0625551916,-0.0572926789095373,0.0586851682962799,-0.976271868562898,0.328929756708442,0.377650741393576
"2583",0.851284988509446,2.04848303533723,2.09930155584805,0.975792653337845,0.329167226157061,0.377778419893335
"266",5.70125761475945,-0.758179526123096,0.777951801707846,-0.974584189481477,0.32976655935928,0.378176138598301
"276",22.8520895722648,0.369565734380449,0.379194363150005,0.974607669033976,0.329754908033544,0.378176138598301
"2734",2.85480441140079,1.0616485402241,1.08967079944953,0.974283738501957,0.329915676545724,0.378202185526745
"2665",13.9535282875657,-0.478663169044885,0.493312868479109,-0.970303431411815,0.331895267388432,0.380325790894749
"737",3.28074134980056,0.980779804293458,1.01150895713173,0.969620483712368,0.332235698853684,0.380570142025353
"18",5.81201653557515,-0.746707282908775,0.770933350627152,-0.96857566520028,0.332756949796725,0.381021352388749
"1319",13.956931759336,-0.462290709774076,0.477769692117373,-0.967601581685315,0.333243387040381,0.38143236955808
"2730",28.4137419901848,-0.329075153319302,0.341304638935469,-0.964168416654662,0.334961496068486,0.383252312136486
"416",4.41149382923645,-0.830584449678612,0.861861665647476,-0.963709702826419,0.33519148839354,0.383368858284966
"2897",57.5471010301209,-0.231617901690534,0.241443178503859,-0.95930604925677,0.337404588822956,0.385752590660407
"2472",218.839566136903,-0.124969897952091,0.130895368647645,-0.954731242543008,0.339713626110855,0.388095902758182
"2657",2.05797159668716,1.20464138299138,1.26157878137033,0.954868138859227,0.339644383859433,0.388095902758182
"2575",21.0993523125781,0.373219587976917,0.391097223102695,0.954288514288215,0.339937620332239,0.388203572532083
"1628",6.44816019714785,0.708114546409546,0.742719172727621,0.953408195737038,0.340383290495519,0.388564214102477
"1949",525.157711672904,-0.0886215437796676,0.0932524323908246,-0.950340291481634,0.341939372300416,0.39019168646943
"3070",3.26826096750298,0.959717294485888,1.01018848983422,0.950037843574504,0.342093023956955,0.390218195836527
"772",40.7993956734879,0.284612637639237,0.299675466192728,0.949736197144003,0.34224631242263,0.390244270872145
"405",21.6712418433956,-0.392167523568342,0.414007735444376,-0.947246850707773,0.343513006903717,0.391539396821303
"452",1545.62683787068,0.0678613681335121,0.0722466547842682,0.939301180603438,0.347576132636797,0.396019721572466
"2365",3.19906054081793,-1.02489269509715,1.09279731990342,-0.937861647746106,0.348315514884285,0.396711085090895
"2915",6.8454397499858,-0.66356379381295,0.71008211892121,-0.934488809295842,0.35005180586792,0.398536911399093
"1647",84.3945777744901,-0.194950326190447,0.209466097558022,-0.930701094178,0.352008203547261,0.400611846714875
"965",388.668708835307,-0.0992355608826251,0.107397074587354,-0.924006182327709,0.355483096985293,0.404412709574143
"2607",364.219514871669,-0.102447218732154,0.111017305244593,-0.922804048489939,0.356109330663739,0.404971158246259
"755",16.749450862713,0.434775650994772,0.472233199647544,0.920679976162775,0.357217533465412,0.406077074516912
"2820",3.8689207797698,0.842881045790879,0.923299274319535,0.912901232822994,0.361294489090963,0.410555682248447
"2903",16.9552718515936,-0.406662492664578,0.446993027561648,-0.90977368233891,0.362941876595793,0.412271106596284
"2724",480.772840981729,0.0866665999412941,0.0957801335655414,0.904849437091138,0.365545157014462,0.415070629900292
"1320",5.56400421855989,-0.683085474953273,0.756823818027262,-0.902568680692165,0.366754854985751,0.416286239043008
"2151",34.7936331037717,-0.276910212614225,0.307341900230155,-0.900984253715029,0.367596691912457,0.416925436771065
"2398",7471.77185023853,0.0529341958494266,0.0587446608655219,0.901089478933301,0.367540746417131,0.416925436771065
"2373",38.630385143389,0.259219783744247,0.287815597190131,0.900645365556778,0.367776905928405,0.416971770571348
"3033",1.19415931919274,1.53052159010927,1.70112394274441,0.899711979622183,0.368273546507499,0.417376686041833
"751",60.7530282003817,0.215933025222542,0.240196851947923,0.89898357730916,0.368661408254184,0.417658058877894
"1293",18.5979558180267,0.375721803232484,0.419825353631804,0.894947863396551,0.370814958977343,0.419938818039444
"89",7.72986467126447,0.56923715237101,0.637489421048446,0.892935841091786,0.371891532069974,0.420998662108725
"2174",1214.38853679948,0.24494637981345,0.277951702624933,0.881255187502775,0.378179714984501,0.427955259921946
"2614",1.20872623899809,1.54742244977243,1.76357851969804,0.877433259981742,0.380251354353311,0.430136881748622
"1631",7.39982537643914,0.573222315994665,0.653825072312372,0.87672122142297,0.380638077272273,0.4304116126979
"1265",11.5650020374054,0.490619747367584,0.560551509354563,0.87524471735434,0.381440766802345,0.431156318198948
"2770",4.59762357866737,0.737492516304783,0.843666307092182,0.874151913031418,0.38203552950623,0.431602818952935
"3083",1.19504493582114,1.52997707362456,1.75056804141256,0.873988920984752,0.382124287234734,0.431602818952935
"768",78.6798669436606,0.192919303288336,0.220860066877001,0.873491102381011,0.382395453891657,0.431746112469373
"1571",213.342818045622,0.116266609617965,0.134041653388455,0.867391640425548,0.385727460622778,0.435343855972596
"292",1.8163852004209,-1.22410368053,1.41189657797712,-0.866992455129983,0.385946143653008,0.435426418480317
"982",28.6685851658428,0.288446480017543,0.3336828038916,0.864433158237449,0.387349984323438,0.436845515678752
"224",28.0445968274943,0.291529345550398,0.33763587117011,0.863443047505807,0.38789391994722,0.437294125275841
"1177",4571.40002507536,-0.0540229078435261,0.062736619170779,-0.861106456764385,0.389179413373291,0.438578080908809
"572",2709.94506845685,0.068942524118858,0.0801450031778927,0.860222364279289,0.389666478918344,0.438961635889942
"2613",0.468845349435078,-2.25519431351597,2.62731626397772,-0.85836423442286,0.390691370313416,0.439950538192601
"497",23.547858140882,0.321009434513445,0.374161450262497,0.857943634461106,0.390923588346974,0.440046416980492
"1626",0.467074116178266,-2.25089478889008,2.63049368963324,-0.855692905769303,0.392167665290415,0.44113074196095
"1820",9.03541761599611,0.508387228278184,0.594141124269498,0.855667462681111,0.392181742518759,0.44113074196095
"527",688.448223169656,-0.0979842929094584,0.114814327766969,-0.853415203617538,0.393429093248642,0.442367473506177
"598",17.8999265717907,0.366789970071284,0.432668353584518,0.847739306636474,0.396583170722499,0.445746373704627
"1649",26.5819650945818,-0.293731591132182,0.34736721739244,-0.845593874220827,0.397779344040583,0.446922943060241
"265",2.32051093907121,1.01611540371583,1.2048495155609,0.843354618641145,0.399030144471498,0.448159982079099
"2294",1.63528276736511,1.37604312461985,1.63509811174575,0.841566089970401,0.400030876934194,0.449115341008296
"1094",11.3064882561258,-0.443730157152737,0.529877662376422,-0.837420009672938,0.402356522182785,0.451556907115864
"1662",0.454543911163734,-2.22077258638097,2.65356717488353,-0.836900835750819,0.402648310557213,0.451714940077684
"897",0.453658294535327,-2.21857167823667,2.655237685513,-0.835545416646206,0.403410686695524,0.452400590177289
"519",1.30499774711014,-1.3727600381077,1.64779050988238,-0.833091360749304,0.404793205571924,0.453610962948014
"3061",12.9051729364841,0.429689986988477,0.515673142352643,0.833260357574786,0.40469790864427,0.453610962948014
"2830",5.52957342935583,0.644409521824008,0.774447631443615,0.832089215151696,0.405358588877914,0.454074465714233
"67",241.14883226167,0.108305052871015,0.131281779141951,0.824981605055092,0.409382034192975,0.45840982271908
"1640",103.983537790536,-0.155370693164735,0.188594125846516,-0.823836333540848,0.410032559742377,0.458966486625212
"1652",161.054440690562,-0.13077886977069,0.159097466159378,-0.822004730356175,0.411074204687706,0.459960366651315
"1716",79.6705141006046,0.169545759637052,0.206579089296789,0.82073050188283,0.411799792716586,0.460599992451599
"1678",12.1406513009268,0.425068116913723,0.519064480551988,0.818911971132552,0.412836639395035,0.461587154360966
"277",46.9056213324481,-0.219994262082044,0.269271051206969,-0.81699930644587,0.413928824395251,0.462635428685316
"596",15.9195891228597,0.391740032759282,0.482070980956429,0.812618988145832,0.416436541447683,0.465264425695096
"1633",20.9090013562988,-0.326567129069428,0.402138996463407,-0.812075257414494,0.416748449632284,0.465439104628516
"2650",11.8235156934258,-0.442062065920471,0.54617798748424,-0.809373640187626,0.418300259713305,0.466997901888884
"1409",9460.53956536112,0.0541196859184993,0.0669890632556569,0.807888381898357,0.419154840061664,0.467777426879709
"1115",98.5658809202833,-0.153967708103117,0.19110729257562,-0.8056610819401,0.42043829538466,0.469034817222559
"3022",129.627513250912,0.133793283521765,0.168993544740116,0.791706474513668,0.428531846254987,0.477885681697697
"2579",0.782596313915188,-1.69623458340043,2.14699247843317,-0.790051479192097,0.429497704701295,0.478784326552264
"2413",1610.41746734469,0.0531633297069455,0.0675447766379615,0.787082767212331,0.431233416584368,0.480540179672413
"1987",2.94069718947899,-0.825733114031121,1.05201490170474,-0.784906290484154,0.432508513594206,0.481781635396078
"2688",7.61647832159259,0.527065980286909,0.673136801173017,0.782999799399522,0.433627229846553,0.482848035616259
"1117",14.7115232047961,-0.365075992539375,0.466678399913936,-0.782286029537047,0.434046495301048,0.483135087031524
"2878",2.10157263766774,-0.993272769400404,1.27789671839354,-0.777271554972815,0.436998573502448,0.486240138311388
"2208",65.5508569005086,0.182323757612259,0.235218353338512,0.775125558973153,0.438265470056033,0.487287360240673
"2806",0.714039149687867,1.72234634020274,2.22187215151147,0.775177968287278,0.43823450489159,0.487287360240673
"1642",2227.32704038774,0.0507054529811942,0.0659070631250021,0.769347784243156,0.441686877367982,0.490909040521917
"2152",78.5081713022759,0.169472310016033,0.221040836692312,0.766701359586045,0.443259095113177,0.492473528621844
"1827",2045.16299597781,-0.0511194616773233,0.0668037678506306,-0.765218240258895,0.444141599892255,0.49327084887811
"3084",43.5615905283393,-0.215303438907633,0.282200281364635,-0.762945514676635,0.44549589053764,0.494591356025461
"599",23.3509028467993,-0.282064627965208,0.373601005542872,-0.754988942161294,0.45025561709522,0.499690210070066
"1067",12.1760192547951,-0.40708667094777,0.540374096443373,-0.753342311608066,0.451244239132756,0.500601692059772
"2595",69.8314370697797,-0.175269072344223,0.234450124047193,-0.747575088972625,0.454716495145708,0.504266772971074
"252",248.676840390026,-0.0964895673631512,0.129121434033097,-0.747277693170743,0.454895954628268,0.504278879676835
"2774",93.4407459779674,-0.140699843376658,0.189750829917486,-0.741497907744811,0.458391599902408,0.507965802558521
"2652",34.6728029364394,-0.226374364610963,0.305902313698768,-0.740021747053148,0.459286798790002,0.508769382443423
"1536",976.446329086965,0.0565126142035952,0.0764104722411925,0.739592526338681,0.459547277887148,0.508869524588581
"75",356.199432418315,-0.10295033892239,0.139933642772283,-0.735708274885138,0.461908252707488,0.511294669663634
"2426",0.672385578470152,1.64735292792732,2.25712289151742,0.729846360655994,0.465484102657672,0.515062291106418
"2881",0.671804792685178,1.64589914716408,2.25761972372409,0.729041800028686,0.465976093756929,0.515416071172175
"749",116.532912963133,-0.129091351372591,0.178083585375235,-0.724891915785425,0.468518340776745,0.518036539395425
"275",0.369963898125206,2.09022142410593,2.89117489693108,0.722966094622866,0.46970071494755,0.518960317253718
"2113",0.369963898125206,2.09022142410593,2.89117489693108,0.722966094622866,0.46970071494755,0.518960317253718
"1812",25.6540316089933,0.271326768667505,0.375785318398464,0.722025995650538,0.470278495148726,0.519406887222217
"296",1.62051994484707,-1.02780630260853,1.42897902833736,-0.7192591929109,0.471981233972724,0.521095148356602
"91",1.61007627734031,-1.04670880364164,1.46774466472303,-0.71314093574931,0.47575855071137,0.525071775628336
"1018",321.532691372615,-0.0854600996943293,0.120349511035755,-0.710099268030591,0.477642580201662,0.526956710900949
"1167",1104.09305536009,-0.0701828434252584,0.0990229231035552,-0.70875350096324,0.47847745782241,0.527683211870494
"1759",2926.69000871828,0.0435045735732844,0.0617268153544744,0.70479212840406,0.480939607904684,0.530203134432872
"1456",147.559899716073,0.108644795519523,0.155172239318954,0.700156136151423,0.4838298015201,0.532526245948784
"1822",9.09774987566111,0.43659102227342,0.623065668860338,0.700714297213642,0.483481331759228,0.532526245948784
"2594",0.35686338073323,2.05038456056442,2.92719552333222,0.700460404582174,0.483639824500323,0.532526245948784
"2621",2.55328637846976,0.784103410403941,1.12017202381915,0.699984818162658,0.483936785673377,0.532526245948784
"2987",0.35686338073323,2.05038456056442,2.92719552333222,0.700460404582174,0.483639824500323,0.532526245948784
"2",2.55505761172657,0.782712662642045,1.1200487610176,0.698820167374614,0.48466442337619,0.533130865713809
"750",40.9968650207676,-0.200146971701553,0.286739050156403,-0.69801086246321,0.48517040090702,0.533491304488719
"72",81.3288059444934,0.146360111926738,0.209797706233884,0.697624938585242,0.485411781249905,0.533560635378293
"1826",2183.79834434242,-0.048003300543743,0.0692100772072107,-0.693588310847048,0.487940426370646,0.536143134668003
"1466",6350.27029489428,-0.0414252408860963,0.0599083380092337,-0.69147705081906,0.489265797784643,0.537402080386069
"1653",9.78182314438705,-0.395584843393662,0.576149014230531,-0.686601614552757,0.492333810773468,0.540573490581364
"485",1411.44337051179,-0.0748060642869082,0.1092082174429,-0.684985672676334,0.493352961970213,0.541493786579192
"539",1577.97998250939,-0.0459993134789612,0.0682118857618935,-0.674359211230877,0.500082968102194,0.548478094047567
"1582",21.4639006231008,0.261414662471004,0.387525156325886,0.674574690710323,0.499946017335459,0.548478094047567
"838",581.894634602148,0.0616329176793414,0.0916897689188973,0.672189693638096,0.501462941374865,0.549790077168778
"734",4.13779395484691,-0.607878771613272,0.911369238912581,-0.66699505058847,0.504775294883539,0.553087899217541
"3060",49.2682695627603,-0.174790128318631,0.262096278465959,-0.666892827863379,0.504840592501038,0.553087899217541
"1603",10.204561796426,-0.372326792335813,0.558802191978257,-0.666294437782555,0.505222920147321,0.553304164378032
"2753",142.065784857046,0.104932224886363,0.158057477558929,0.663886495640426,0.50676296008243,0.554787697243553
"2196",2.62354282623016,0.784169660794438,1.18317919563347,0.662764916496519,0.507481126299963,0.555370713200252
"1069",31.28077740631,-0.226389561512154,0.341899776229324,-0.662151827090715,0.507873923664208,0.55559736000121
"555",731.633442950695,-0.0550859611593336,0.0833057455161212,-0.661250443388367,0.508451716542185,0.556026146160167
"1110",478.398004517939,-0.0630368878653559,0.0954386694705086,-0.660496297937544,0.508935393423404,0.556351734425585
"1270",35.3061325877069,-0.210633167444788,0.319901809749002,-0.658430684121648,0.510261423970522,0.557394005301132
"2719",630.338189341259,0.0567580892692953,0.0861842535990296,0.658566813531403,0.510173979469207,0.557394005301132
"776",1.05842970550149,1.21686331753704,1.85408133081794,0.65631604035418,0.51162079897653,0.558674974648824
"3067",16.3702039871665,0.294042240698212,0.448357999056409,0.655820218033442,0.511939806148335,0.558819372490266
"1622",205.707261099667,0.096041574170648,0.14721583268823,0.652386176248057,0.514152079826932,0.560825017441553
"2642",33.3772485249716,0.206912572889384,0.317154454402657,0.652403174595456,0.514141116943118,0.560825017441553
"1823",3.57346299549269,-0.615412888928481,0.945299840476052,-0.651024005905428,0.515030990603489,0.561578981007886
"620",20.0834469435225,0.276949595794492,0.42796816458453,0.647126629298125,0.517549992018581,0.564120064160144
"2765",3.58537306541283,-0.607466270490008,0.944895115848505,-0.642892803974873,0.520293659054919,0.566904088817304
"747",124.522277841035,0.111120134567929,0.173674067348477,0.639819958525913,0.522289655507339,0.56887173253657
"2533",13.7904238687942,-0.327491257324262,0.520273562884654,-0.629459731738989,0.529048123506874,0.576023284400498
"1464",2376.41924326117,0.0392448181673195,0.0630789284849787,0.622154166373721,0.533840500658863,0.581029748261665
"108",4770.86285397917,-0.0391185246905162,0.0634592445762213,-0.616435398053481,0.537607196744012,0.584916630057485
"1324",13.7738864248642,-0.299989398398884,0.488205595561154,-0.614473494622833,0.53890248284745,0.586112769421872
"2184",27.9060272605613,-0.213744477450686,0.349808904917841,-0.611032121954951,0.541178314985053,0.588374098268633
"1619",15.6330323040074,-0.273083392463667,0.447779526766076,-0.609861273551098,0.541953707926925,0.589003085404053
"223",82.611065918154,0.120719370100805,0.199778682479807,0.604265523239733,0.545667124178042,0.592823542316885
"2789",0.329195943535897,1.96017717184402,3.24551901703877,0.603964161526465,0.545867469506929,0.592825941475402
"2863",1034.37797108154,-0.0486132036892895,0.0815061379323454,-0.596436108034479,0.550883924681674,0.598056858725533
"2488",0.660225141771953,-1.29095473059826,2.17196836606144,-0.594370871496268,0.552264086346911,0.599337738973506
"1092",6.5774087460064,0.405548159436678,0.691777573949537,0.586240685891707,0.557713784103439,0.605032502551664
"2957",68.8367462135094,-0.129325228871546,0.221694395968736,-0.583349111313503,0.55965830782121,0.606921948894911
"2332",17.1077399598363,-0.259601307776886,0.446785946301209,-0.58104179400905,0.561212286043323,0.60838665211653
"1898",1.70199383258234,0.791217544843535,1.3637084716636,0.580195519265436,0.561782774923806,0.608784521032969
"748",144.921751204422,0.0903625800131573,0.156202959579188,0.578494672934463,0.562930192884006,0.60980707353691
"1494",1.92231101669009,-0.781146391785288,1.3536400185504,-0.577070994563097,0.563891497458068,0.610406425613075
"2343",165.059167174289,-0.0868790278282782,0.150513171929781,-0.577218769057701,0.563791679514131,0.610406425613075
"201",14551.7833185609,-0.0421990969561336,0.0733488160786549,-0.57532076469894,0.565074380656191,0.611244593970832
"1589",3.14517749920784,-0.586336661737176,1.01878656515275,-0.575524532608326,0.564936603898003,0.611244593970832
"1374",1.97973242859253,-0.751563534588167,1.33259489321716,-0.563985002804369,0.572764338676314,0.619338959638428
"285",54.670769545775,-0.144792178838971,0.258958564718883,-0.559132612571253,0.576071218996617,0.622689699146632
"87",0.317035506837698,-1.68589648764448,3.0482025153726,-0.553078897856103,0.580209385736183,0.626483753923731
"1777",0.317035506837698,-1.68589648764448,3.0482025153726,-0.553078897856103,0.580209385736183,0.626483753923731
"2668",0.317035506837698,-1.68589648764448,3.0482025153726,-0.553078897856103,0.580209385736183,0.626483753923731
"2647",12.4138546109831,0.279325236650293,0.506090096219514,0.551927885443419,0.580997762264096,0.627108695777119
"70",88.8362756760233,-0.124538201174565,0.22608267251391,-0.550852481482863,0.581734804128105,0.627677798035085
"2369",4.60224592910095,-0.453812205599647,0.829667105555045,-0.546981075374861,0.584391733734171,0.630317255707513
"789",0.330451328480637,-1.73484677657193,3.23967632924132,-0.535500031565872,0.5923041357706,0.638621251973202
"2162",31.3692586187477,0.171771844960297,0.322150457445927,0.533203790310089,0.593892518039787,0.639872673379562
"2356",8.52018455621237,-0.349472444022282,0.6552980587417,-0.533303035710707,0.593823826597646,0.639872673379562
"1781",1482.68928755165,0.0360149765355511,0.0676653656087749,0.532251266383176,0.594551980162623,0.640352600664711
"2622",0.302734068566354,-1.63498818429395,3.09834933423393,-0.527696527382768,0.597709983869192,0.643522228044844
"1699",2.3884229251678,0.603511049392429,1.14870754151199,0.525382682347548,0.599317189706602,0.645020514964804
"2716",2.31962240641324,0.619960456817741,1.19062096073945,0.520703462529927,0.602573361950572,0.648291801134883
"254",308.846646668479,0.0581147493434484,0.111707192151539,0.520241787696277,0.602895063285598,0.648404755338069
"1638",25.3547630722074,0.184824627557895,0.355792226399349,0.519473484365686,0.603430598830873,0.648747521272717
"2456",140.656130259036,0.0814352132821165,0.157231825973973,0.517930850053199,0.604506516726121,0.649670796711405
"127",3771.11638176677,-0.039298363592356,0.0763628770823836,-0.51462654491081,0.606814012079715,0.651916525724419
"2671",217.820518887377,-0.0802562470968979,0.157767391012301,-0.508699843370296,0.610962632210934,0.65613790221648
"2804",181.906303576318,-0.0786476198776605,0.155315946187549,-0.506371829861508,0.612595646394562,0.657655606032483
"294",2.6239271641753,-0.54426143382457,1.0852002683302,-0.501530869193413,0.615997558385097,0.661070550462055
"1091",44.9891323064626,-0.133548719534401,0.267993993458087,-0.498327286410945,0.618253378486595,0.663253534755071
"1015",173.417028068994,-0.0715219854744866,0.143686270899442,-0.497764922332357,0.618649742550902,0.663440870864624
"2192",98.4698241831267,0.0924572201897796,0.186523274512697,0.495687309968848,0.62011504171157,0.664773989538164
"2502",592.101630506316,-0.045081165583389,0.0910852146680036,-0.494933955502057,0.62064674104908,0.664892639376728
"2748",16.1475117296552,0.219184164781639,0.442885076014441,0.494900769188466,0.620670167706952,0.664892639376728
"2415",510.015120830971,-0.0487702679401468,0.0986426349650024,-0.494413677792063,0.621014056226329,0.665022926352604
"2489",455.395667574321,-0.0515604155138489,0.105533123794309,-0.488570921243111,0.625145504121972,0.669077065232729
"3065",8.36189897014904,0.298644640578138,0.611441232576204,0.488427382170237,0.625247150531654,0.669077065232729
"2686",54.6900164320495,-0.120622440115954,0.247817870691612,-0.486738263787514,0.626443825412347,0.670117956965943
"2924",14.8038476802195,0.219989127499307,0.457653870188032,0.480688882646009,0.630737633670503,0.674469978535434
"2635",48.6695017389383,-0.123275462320944,0.261445560979026,-0.47151484178702,0.63727312346572,0.681215143054461
"1116",19.6748106476569,0.193684697216769,0.41125619801152,0.470958731207606,0.637670205836076,0.681284164783679
"2889",332.336283450593,0.0540992117011115,0.114912373490503,0.470786652975911,0.637793096777769,0.681284164783679
"2702",4.69295500608564,0.389301621683501,0.829215966721276,0.469481579355981,0.638725448642206,0.682036596123298
"1785",255.716158607743,0.0573843440887871,0.122768629995243,0.467418623886335,0.640200400585884,0.683367676972161
"3085",36.8374770098456,0.142469832257805,0.307578635142617,0.463198076783666,0.643222394651813,0.686348575177683
"2386",116.110653413978,0.0794000618545877,0.173544312893762,0.457520390790299,0.647297049449856,0.690450186079846
"753",35.011413294762,-0.137470687114839,0.301464998706988,-0.456008782792242,0.648383662550639,0.691174496035503
"951",0.535189562365525,1.1223422242288,2.46163809497864,0.455933074207051,0.648438105070741,0.691174496035503
"6",3.8493613245519,-0.423176011142924,0.938404985088173,-0.450952432976646,0.652023832292515,0.694509117521804
"2355",0.963266957211294,-0.883787056276835,1.95986516480722,-0.450942785323586,0.652030785801721,0.694509117521804
"2749",19.8381082820325,-0.183752356154305,0.412238153462202,-0.445743205986762,0.655782750986464,0.698256936281673
"2752",66.3153737308916,-0.100103181123484,0.225517865458645,-0.443881379064579,0.657128347966087,0.699440774498233
"3080",22.4985335963772,-0.170733890679676,0.38557503404484,-0.44280328238218,0.657908028942651,0.70002162965733
"1936",1675.5639889762,-0.032553978200659,0.0737933638525034,-0.441150484286462,0.659104057389569,0.701044912801134
"121",0.50867322333061,1.08771103976169,2.49774640948209,0.435476970613376,0.663216251460301,0.705168096790768
"2651",48.7916337257772,-0.11684530656633,0.269293130293591,-0.433896350935289,0.66436370972065,0.706137200527242
"2171",3.74903559783542,-0.417766898624684,0.96426696872847,-0.433248168995742,0.66483448817418,0.706386643685067
"1307",0.864963375656841,0.842987452814303,1.97717664215339,0.42635920071167,0.669846125955961,0.71145886008528
"2271",84.8943536564917,-0.0844131017007606,0.201952355986175,-0.417985228687004,0.675957917123849,0.717695559983874
"2769",0.494106303525253,1.05013701307837,2.51955641835463,0.416794402946593,0.676828796705546,0.718365292565801
"123",1474.80126609907,-0.0288584343985326,0.0695734416795043,-0.414790956173641,0.678294940692998,0.719666121472854
"1629",0.50720682091723,1.08584982743036,2.64152909276571,0.411068661103961,0.68102218881615,0.722303576369345
"1585",309.039077974791,-0.0468229343280108,0.114461415357143,-0.40907177481524,0.682486988984164,0.723600663019355
"1375",4600.30509144417,0.0262264175782269,0.0642772981659797,0.408019912574793,0.683259055873375,0.724162626699659
"1951",402.459737513759,-0.0513947629217669,0.12799515364649,-0.401536788367114,0.688024958518423,0.728955621773061
"1871",317.723540537614,-0.0467141513728145,0.116994914503342,-0.399283606224442,0.689684245215351,0.730454959888259
"1111",521.085872404557,0.0370461441539283,0.0947272300064189,0.391082312355359,0.695736394287827,0.736604137193623
"1682",129.187951715759,0.0673453644121338,0.172924445392023,0.389449648136565,0.696943551224893,0.737621190401443
"2690",53.1238059136947,0.0953449959260001,0.248376846830389,0.383872317982638,0.701073084457996,0.741729373655701
"1239",3.65625256429718,-0.36305632741864,0.94691962494429,-0.383407754845084,0.701417454325424,0.741831397434312
"1410",6814.80347380864,-0.0239983382727737,0.0626727249652703,-0.382915188163148,0.701782649570415,0.741955366612962
"2058",112.406735300656,-0.0682353832146447,0.178642394135258,-0.38196634984068,0.702486324542606,0.742436977404266
"274",28.5732075952662,-0.127213070172932,0.333649660302149,-0.381277385559839,0.702997432294707,0.742714801350906
"271",35.72515558126,-0.11943488048599,0.318483620253648,-0.375011061450726,0.707652240158019,0.74736869133526
"370",891.104895402291,0.0291476416643048,0.0779509211921394,0.373922991781706,0.708461610255192,0.747959469965962
"764",6.48126365168345,0.256770456053218,0.695297941541372,0.369295579221759,0.711907420314355,0.751332275689788
"613",16.9199801524402,-0.166157900920235,0.451482545731055,-0.368027296938328,0.712852880419449,0.752064816013749
"1020",649.758873754033,-0.03366219605094,0.0917957478279497,-0.366707574669277,0.713837155842482,0.752837775918472
"295",2.47331824245729,-0.412264287255104,1.12805438212554,-0.365464904695723,0.714764399681927,0.753550064780946
"3046",284.312907110409,-0.0468274487628097,0.129597759933608,-0.361329152500776,0.717853403190669,0.756540113542262
"2257",12.2467731098065,-0.189857423357498,0.527698085765441,-0.35978418053593,0.719008534205619,0.756957612365662
"2539",5.89103703351586,0.263616875976671,0.732366411097424,0.35995216599523,0.718882905155362,0.756957612365662
"2858",1.55081168245733,0.527563403418092,1.46603422464095,0.359857494832563,0.718953704684132,0.756957612365662
"2663",9.33138499986355,-0.210979361525243,0.595284731372169,-0.354417559205528,0.723025977164084,0.760919354088969
"766",3.18672969967279,0.342743806318088,0.983407108733689,0.34852687485596,0.727444534285814,0.765300297673402
"1256",6.86651133411275,0.239471994100017,0.689308806047008,0.347408871030274,0.72828416977557,0.765914318442357
"2540",17.501455637739,-0.148321250135705,0.429419720256071,-0.345399251918982,0.72979423949205,0.767232735263602
"1229",69.2292075581548,-0.0751513812485554,0.218261925542675,-0.344317411576494,0.73060759139483,0.767818023692775
"2563",1.34842546761423,-0.549884475414371,1.62398695393937,-0.338601534994166,0.734909926087101,0.772068293136449
"2683",2.16728915812582,0.404238475896655,1.21006978810713,0.334062117631242,0.738332685278278,0.77539185480962
"541",1566.36644775469,-0.0288461606145193,0.0866704877859392,-0.33282564055442,0.739265902251814,0.776099501592079
"733",21.6770656043728,0.133051422823232,0.400712316614436,0.332037267901733,0.739861118139398,0.776451934574914
"3038",1.17995461032574,0.56339469076712,1.71871308281565,0.327800315480318,0.743062648773164,0.779538374870024
"752",12.6231432455779,0.163681353303956,0.510282240007423,0.320766314151116,0.748387488918478,0.784849410039988
"1961",856.706326707426,0.032501594534112,0.102123774278813,0.318256887425427,0.75029008423688,0.786569002115187
"1145",84.8026319140646,0.0633785653051207,0.199528434642792,0.317641770801164,0.750756685295331,0.786782487707051
"2644",27.8128205742034,0.107716049825769,0.342190271234666,0.314784080322086,0.752925599786212,0.788779199776032
"3087",7.64947741634427,-0.207015276689972,0.66002424263759,-0.313647989447626,0.753788407048677,0.789406690195885
"597",23.0868200388042,0.117209666181885,0.376628304574633,0.311207800258832,0.755642653525202,0.79107166527201
"2161",46.2798048254583,-0.0822584887075049,0.270150800620603,-0.304491004722314,0.760753844806566,0.79591469705616
"2904",173.82852615847,0.0468754091394895,0.153977958379981,0.304429345814627,0.760800813362505,0.79591469705616
"36",980.016981187892,0.0270761547291543,0.089144437994937,0.303733528845536,0.761330911693274,0.796190873046583
"2685",45.7307212171283,-0.0807251393145755,0.26666398420087,-0.302722317588144,0.762101488379741,0.796718257593356
"1988",8352.52555976318,0.02392477405454,0.0796729979585027,0.300287106894121,0.763958166913909,0.798228896534206
"2656",7.2245525813636,-0.198525617785128,0.66147140555137,-0.300127286106414,0.764080066735951,0.798228896534206
"299",16.0463242772028,-0.13139308919413,0.446116264654542,-0.294526560908683,0.768355570329556,0.802415311143467
"3071",60.9750176178562,0.0690388726741771,0.236410716083297,0.292029370825356,0.77026416760278,0.804127840009602
"898",0.50930091580298,-0.720994753931829,2.49622159200865,-0.28883443530815,0.772708079074548,0.80639782790061
"2939",0.192265408965281,1.15207441267479,4.00453966330781,0.287692096854687,0.773582440182728,0.807028821836374
"2943",0.494733995997623,-0.721149859576057,2.51656260601825,-0.286561461992425,0.774448126206532,0.807650328898551
"61",68.228034681649,-0.0624243846713319,0.219283249532132,-0.284674660761924,0.775893405516845,0.808875633904669
"1",0.164597971767949,1.1520729257928,4.0804728567969,0.282338093212353,0.77768427903284,0.809614252911015
"1146",0.177698489159925,1.1520729257928,4.0804728567969,0.282338093212353,0.77768427903284,0.809614252911015
"2682",0.164597971767949,1.1520729257928,4.0804728567969,0.282338093212353,0.77768427903284,0.809614252911015
"3036",0.177698489159925,1.1520729257928,4.0804728567969,0.282338093212353,0.77768427903284,0.809614252911015
"1007",1226.21766364125,-0.0211527680222436,0.075939531286371,-0.278547518847274,0.780592092948556,0.812358797252897
"767",7.62424486603043,0.192242542160051,0.697377477759941,0.275664970967455,0.782805402601488,0.814378916753703
"992",15048.5993707203,-0.0148899835249036,0.0552179606525462,-0.269658338499631,0.78742311456689,0.81889814347728
"2506",182.998336970655,-0.0382454999533239,0.144205975045596,-0.265214391714567,0.790844308781918,0.822170316843467
"2891",18.1689684989975,0.109682331528094,0.416834100786555,0.263131858264779,0.79244894955884,0.823552364390431
"1192",3886.60300033134,-0.0155642916876694,0.0603553474672744,-0.257877592306275,0.79650137886244,0.827476432484868
"2153",0.479546941097872,-0.67353871167019,2.68857521907238,-0.250518827553047,0.802186146526289,0.83309300604188
"2168",838.043468806133,-0.0188594085412539,0.0791468580464483,-0.238283729850477,0.811661039662323,0.842640468657068
"2896",15.542832406745,0.111261593472192,0.472179075788771,0.235634315828863,0.813716442945763,0.844481303258315
"71",13.1705077412688,-0.116750380558889,0.49633456945361,-0.235225164121479,0.814033975729701,0.84451791102055
"840",570.960069679298,0.0280909401707618,0.121308694482186,0.23156576114078,0.816875303344304,0.847171891717906
"283",9.17481957114678,0.1340858764242,0.580311047084768,0.231058631569724,0.817269252756761,0.847286765158776
"3047",298.821498459661,-0.0267892133422338,0.117441863886692,-0.228106166367388,0.819563706391506,0.849371184455623
"985",11706.7189329164,0.0137100480414761,0.0608395313309449,0.225347693211154,0.821708799843192,0.851222960484527
"1154",2287.97714335351,-0.0170275140160933,0.0756520034326843,-0.22507684190075,0.821919496269987,0.851222960484527
"1824",26.4916725641363,-0.0798390933596544,0.358167219795764,-0.222910107198477,0.823605469888415,0.852673898237418
"10",117.828745394684,0.0395972476121518,0.180695901471907,0.219137497251469,0.826542941978853,0.855419053061477
"2590",56.3510339171999,0.0529249386345323,0.242267610380382,0.21845651819257,0.827073433576209,0.855672100020753
"2646",3.4481121118353,-0.212865999606265,0.977834755228747,-0.217691177847804,0.827669737903213,0.855993036918912
"272",5.25969481944942,0.168375450930819,0.777872054119963,0.2164564854066,0.828631940708954,0.856396119724073
"1465",37497.1939378666,0.0110292920477882,0.0509180695162717,0.21660860579688,0.828513378508235,0.856396119724073
"1908",1386.8433486083,0.0170549532157219,0.0790405607241337,0.21577469921104,0.829163370857934,0.85664944944991
"1269",17.4564572280392,-0.089563875001517,0.427820584435243,-0.209349148357946,0.834175686849459,0.861530429773415
"83",12.2951870271036,0.107797747965786,0.517300081771747,0.208385329452452,0.834928110302704,0.862009974474013
"24",12.6858406322108,0.105876327127317,0.514075990239045,0.205954623708616,0.83682635640708,0.863671769013447
"1390",48.9579245139545,-0.0526192655007367,0.258951186505121,-0.203201484460841,0.838977552607909,0.865593392207884
"28",8.43186515669482,0.123643124335524,0.614927244245569,0.201069517560923,0.840644216678531,0.866744578649784
"2428",4.13459102713771,-0.176069262875635,0.875822388281196,-0.201033069297499,0.840672716324089,0.866744578649784
"1644",200.287725152487,0.0310947014822661,0.155453742036694,0.200025429268382,0.841460693313141,0.867258144813269
"577",42.0072612040027,0.0558115391049634,0.280770728823067,0.19877976361323,0.842435026393038,0.86796336052616
"251",127.622647573739,0.0321000222844295,0.166727265875388,0.192530130665137,0.84732696851596,0.872703025748624
"232",0.15180984259738,-0.771480425849689,4.0804728567969,-0.189066427574594,0.850040753811046,0.872794075292604
"250",0.165225664240318,-0.771480425849689,4.0804728567969,-0.189066427574594,0.850040753811046,0.872794075292604
"328",0.150924225968974,-0.771480425849689,4.0804728567969,-0.189066427574594,0.850040753811046,0.872794075292604
"417",0.15180984259738,-0.771480425849689,4.0804728567969,-0.189066427574594,0.850040753811046,0.872794075292604
"2135",0.15180984259738,-0.771480425849689,4.0804728567969,-0.189066427574594,0.850040753811046,0.872794075292604
"2580",0.165225664240318,-0.771480425849689,4.0804728567969,-0.189066427574594,0.850040753811046,0.872794075292604
"2582",0.15180984259738,-0.771480425849689,4.0804728567969,-0.189066427574594,0.850040753811046,0.872794075292604
"2653",0.165225664240318,-0.771480425849689,4.0804728567969,-0.189066427574594,0.850040753811046,0.872794075292604
"2988",0.165225664240318,-0.771480425849689,4.0804728567969,-0.189066427574594,0.850040753811046,0.872794075292604
"303",21.0945626191275,0.0758362770321183,0.411925436759395,0.184101952112305,0.853933475091783,0.876490208396094
"2094",435.219311496261,-0.0177757817596288,0.0985700331811256,-0.180336570719878,0.856888346999191,0.879221513793409
"1123",21.2891706639813,0.0709290406017114,0.398412589314698,0.178029114802108,0.858700110662327,0.880778447412301
"729",39.1907268496595,-0.0503737862234755,0.28784089095821,-0.175005663913085,0.861075183110406,0.882910944879547
"1958",122.927368913188,0.0307760798334626,0.176234590880055,0.17463132339558,0.861369334259157,0.882910944879547
"3066",14.5534118665643,0.0841815630782483,0.484177803961255,0.173864977678706,0.86197157713373,0.88322567081648
"1791",682.507330824926,0.0143950853432583,0.0838720121628334,0.171631572583605,0.863727184424673,0.884721580211784
"1534",91.7948366379997,-0.0318823888228154,0.193411622262175,-0.164842156070631,0.869068222148385,0.889887789414088
"1583",16.9504228238083,-0.0711587188178966,0.441101898436665,-0.161320364002273,0.871841085163828,0.892421665005191
"2352",814.802703839655,-0.0127579273663387,0.0825569984280685,-0.154534777296374,0.877188092235342,0.897587815310582
"1900",322.218455762078,0.0174526384882621,0.113922481326743,0.153197492584505,0.878242534960329,0.898359543453437
"702",1.70350714168311,0.210716825585266,1.44886536395901,0.14543575326384,0.884366837718386,0.903801738726646
"1609",28.9562766626508,0.0502131093378561,0.345410726963107,0.145372177000222,0.884417030823945,0.903801738726646
"3023",6.42947880118038,0.10225088635897,0.703692285513829,0.145306248858914,0.884469081213776,0.903801738726646
"2811",8.40799573926474,0.0868441723292662,0.620246317774023,0.140015619344485,0.888647649503221,0.907761613968467
"2886",4.54679683964358,-0.116399529000247,0.843339649834801,-0.138022123142258,0.89022293314243,0.909060415004146
"2165",16.7757555661505,0.0610526029637618,0.456366931703503,0.133779638099254,0.893576828887605,0.912173958386801
"2552",83.0736819865438,-0.0313121034974036,0.252196386779427,-0.124157621357158,0.901190475800048,0.919632299997866
"3002",0.68637926986851,0.291238093056901,2.37318932013899,0.122720126281305,0.902328725865771,0.920479900371765
"298",3.27130215533334,-0.115808322458616,0.990977288197123,-0.116862741293804,0.906968823930476,0.924897996319013
"2796",1.19452908750907,-0.195540561067562,1.69608383170685,-0.11528944348864,0.908215705444307,0.925853966163327
"200",8062.75204882206,0.00804285382991676,0.0715586105889291,0.112395332493517,0.910509956009888,0.92724520106169
"293",1.29152746140183,0.18279288644994,1.62634250192254,0.112395074367088,0.910510160668197,0.92724520106169
"2581",1.6213510974101,0.161327796646607,1.42773336159828,0.112995746254754,0.910033927612971,0.92724520106169
"2172",41.2989735388431,0.030696576396507,0.287975771900399,0.106594301992613,0.915110839181247,0.931613348360086
"371",765.054921735055,0.0083570153916437,0.0825622013355908,0.101220840244738,0.919375153557684,0.935318075295678
"1880",1.30259126400299,0.164816256746844,1.62327289671717,0.101533301689544,0.91912712321877,0.935318075295678
"2612",15.5657032112425,0.0479381895101764,0.475815477688766,0.10074953791548,0.919749285832215,0.935380646910261
"875",0.659597449299584,0.214725667595816,2.18656541694731,0.0982022609209637,0.921771687188736,0.937118888232653
"2253",117.616763334769,0.0165898610888578,0.170584950526301,0.0972527824856391,0.922525652299156,0.937566831412729
"1544",1.46896802640572,-0.135505913942328,1.44383392375963,-0.0938514545976871,0.925227157168311,0.939789443827264
"2768",0.66048306592799,0.214000377526427,2.28368440607689,0.0937083849926774,0.92534080932992,0.939789443827264
"253",10.8384912815564,0.0509751939578487,0.548052485758358,0.0930115185725556,0.925894410395786,0.940032601256937
"2191",207.10596065271,-0.0123049621837463,0.134594016967071,-0.0914228021499407,0.927156644121479,0.940994802988964
"831",51.2460770308246,-0.0234067838307717,0.25806097972061,-0.0907025302938597,0.927728960037678,0.94125637451093
"3068",7.0025005972789,0.0635365508402348,0.705308625580416,0.0900833316591712,0.928220994769846,0.941436344525891
"1099",141.060385604745,-0.0139846173092212,0.163427417391174,-0.0855708150594346,0.931807599546391,0.944753757317114
"81",17.3412810691978,-0.0384339062870608,0.456108218739816,-0.0842648843146262,0.932845831329055,0.945486018745437
"511",3966.35200372504,-0.00481124452646875,0.0594023469405399,-0.0809941824568761,0.935446579032809,0.947800936155152
"2727",261.373201569014,-0.0092477284997867,0.120781930708605,-0.0765654965567452,0.938969208107935,0.951048026627943
"2701",187.856889458209,0.0100974976264474,0.137738773363087,0.0733090427619088,0.941560195980836,0.953349612986349
"2684",59.1428763974209,0.0178024996202452,0.245331681372301,0.072565025114833,0.942152259232197,0.953626373350045
"2442",17938.5048859275,-0.003886397118102,0.0542353812044657,-0.0716579662904998,0.94287410816546,0.954034268390618
"2504",46372.9549193533,-0.00433542242497151,0.0619059966495592,-0.0700323500082505,0.944167911256939,0.95502041598403
"3051",0.658446351137166,0.147986547278791,2.18739229615545,0.0676543240729574,0.946060810064877,0.956611674117645
"988",29.910224778204,-0.022968349596953,0.344014037123953,-0.0667657337153286,0.946768203049689,0.956935259416859
"2658",62.4401305816738,0.0154910257591333,0.233127113024872,0.0664488379671248,0.947020489015147,0.956935259416859
"2659",65.0993235581318,0.0157660970582574,0.240536663344833,0.065545504951381,0.947739676494455,0.957338660388728
"31",0.329823636008267,0.19030738492621,3.06061015623265,0.0621795574123239,0.95041984180557,0.958811804189939
"2427",0.329823636008267,0.19030738492621,3.06061015623265,0.0621795574123239,0.95041984180557,0.958811804189939
"2620",0.328622715128899,0.190307362643896,3.06432547687362,0.0621041609581424,0.950479883431604,0.958811804189939
"3053",0.329823636008267,0.19030738492621,3.06061015623265,0.0621795574123239,0.95041984180557,0.958811804189939
"2959",0.315522197736922,0.19030710905331,3.10629573438004,0.0612649680927087,0.951148189784678,0.959162583025196
"1837",6663.45349167244,-0.0033823091828956,0.0564680483379474,-0.0598977524892184,0.952237069936679,0.9599371001518
"2913",3.95563423700349,-0.0495255243707169,0.907012932162463,-0.0546028867004577,0.956454838937383,0.963864223004597
"2827",3.240655551749,0.0552189784902483,1.02990832910907,0.0536154305480915,0.95724156239564,0.964332240635607
"559",4128.95669979164,-0.0028959187871558,0.0583414031138178,-0.0496374552649372,0.960411298422035,0.967199799689912
"2262",3017.60568616791,-0.00323711442989863,0.0737152217086684,-0.0439137854416569,0.964973126708391,0.971466889337654
"1712",84.7154421481824,-0.00865482092520613,0.199880810646279,-0.04329990906692,0.965462463709982,0.971632590454176
"1127",250.83039800239,-0.00520804138940752,0.123018774694314,-0.0423353378567528,0.966231374992117,0.971752697134929
"3081",8.75004128828741,0.0253755525257226,0.597260861738153,0.0424865484268875,0.966110834868696,0.971752697134929
"2163",48.3328905163699,-0.0104716560721826,0.260004967343384,-0.0402748308202623,0.967874019589587,0.973077643350821
"1257",110.009841856408,0.00699422797601918,0.183585882532527,0.0380978530567565,0.96960966308161,0.974495166926495
"462",32.2904111656217,0.0112166368528801,0.313656738831077,0.0357608667828462,0.971473036877575,0.975806942811742
"1960",406.668136765507,0.00357942099375259,0.100424654625783,0.0356428509223232,0.971567139918509,0.975806942811742
"63",82.6696667478419,0.00596733003290929,0.20377695524193,0.0292836352659441,0.976638378471755,0.980571150465601
"735",23.9094522550524,-0.00966104712173741,0.364082150327876,-0.026535349544154,0.978830338659535,0.982096980647752
"765",15.5331111265698,0.0120025702043589,0.458691628616597,0.0261669702596455,0.97912416077116,0.982096980647752
"851",24.3610298441391,0.00938856158125446,0.362286910207883,0.0259147137716547,0.979325364095642,0.982096980647752
"1930",91.8035555453783,0.00488820184506846,0.189965437091034,0.0257320590520157,0.979471052892009,0.982096980647752
"2798",41.7441836045284,0.00676336990444908,0.282663559775837,0.0239272791647169,0.980910614882058,0.983210907781279
"2616",35.1643897325055,-0.00702895726718713,0.30221672331661,-0.0232580023701184,0.981444471896938,0.983416563936918
"574",9.28612402465931,-0.0114085744973091,0.578175291917644,-0.019732033964077,0.984257136342417,0.985904704364417
"1792",2373.4404621323,-0.000998531892318811,0.0787633275865063,-0.0126776245102407,0.989884990087394,0.991210137329814
"606",241.032193596684,-0.00133223723184202,0.128994451893645,-0.0103278645886293,0.991759702790522,0.992755112328284
"221",22.4963436264405,-0.00249390776339318,0.394305871989202,-0.00632480503222501,0.994953569360249,0.99561909014243
"2797",10.333901961215,0.00134109921796095,0.563712667474532,0.00237904751008906,0.99810179651288,0.99843549821683
"2591",217.157129215188,-0.000115210093565953,0.130823745440455,-0.000880651239406616,0.99929734206345,0.99929734206345
"20",0,NA,NA,NA,NA,NA
"54",0,NA,NA,NA,NA,NA
"55",0,NA,NA,NA,NA,NA
"78",0,NA,NA,NA,NA,NA
"79",0,NA,NA,NA,NA,NA
"80",0,NA,NA,NA,NA,NA
"472",0,NA,NA,NA,NA,NA
"800",0,NA,NA,NA,NA,NA
"850",0,NA,NA,NA,NA,NA
"896",0,NA,NA,NA,NA,NA
"899",0,NA,NA,NA,NA,NA
"900",0,NA,NA,NA,NA,NA
"901",0,NA,NA,NA,NA,NA
"903",0,NA,NA,NA,NA,NA
"904",0,NA,NA,NA,NA,NA
"905",0,NA,NA,NA,NA,NA
"907",0,NA,NA,NA,NA,NA
"908",0,NA,NA,NA,NA,NA
"909",0,NA,NA,NA,NA,NA
"935",0,NA,NA,NA,NA,NA
"936",0,NA,NA,NA,NA,NA
"937",0,NA,NA,NA,NA,NA
"938",0,NA,NA,NA,NA,NA
"981",0,NA,NA,NA,NA,NA
"1032",0,NA,NA,NA,NA,NA
"1148",0,NA,NA,NA,NA,NA
"1258",0,NA,NA,NA,NA,NA
"1267",0,NA,NA,NA,NA,NA
"2103",0,NA,NA,NA,NA,NA
"2112",0,NA,NA,NA,NA,NA
"2114",0,NA,NA,NA,NA,NA
"2115",0,NA,NA,NA,NA,NA
"2116",0,NA,NA,NA,NA,NA
"2117",0,NA,NA,NA,NA,NA
"2140",0,NA,NA,NA,NA,NA
"2141",0,NA,NA,NA,NA,NA
"2142",0,NA,NA,NA,NA,NA
"2143",0,NA,NA,NA,NA,NA
"2144",0,NA,NA,NA,NA,NA
"2145",0,NA,NA,NA,NA,NA
"2146",0,NA,NA,NA,NA,NA
"2147",0,NA,NA,NA,NA,NA
"2148",0,NA,NA,NA,NA,NA
"2149",0,NA,NA,NA,NA,NA
"2150",0,NA,NA,NA,NA,NA
"2617",0,NA,NA,NA,NA,NA
"2623",0,NA,NA,NA,NA,NA
"2654",0,NA,NA,NA,NA,NA
"2675",0,NA,NA,NA,NA,NA
"2791",0,NA,NA,NA,NA,NA
"2852",0,NA,NA,NA,NA,NA
"2853",0,NA,NA,NA,NA,NA
"2854",0,NA,NA,NA,NA,NA
"2855",0,NA,NA,NA,NA,NA
"2879",0,NA,NA,NA,NA,NA
"2882",0,NA,NA,NA,NA,NA
"2917",0,NA,NA,NA,NA,NA
"2930",0,NA,NA,NA,NA,NA
"2931",0,NA,NA,NA,NA,NA
"2932",0,NA,NA,NA,NA,NA
"2933",0,NA,NA,NA,NA,NA
"2934",0,NA,NA,NA,NA,NA
"2935",0,NA,NA,NA,NA,NA
"2936",0,NA,NA,NA,NA,NA
"2937",0,NA,NA,NA,NA,NA
"2938",0,NA,NA,NA,NA,NA
"2940",0,NA,NA,NA,NA,NA
"2941",0,NA,NA,NA,NA,NA
"2942",0,NA,NA,NA,NA,NA
"2944",0,NA,NA,NA,NA,NA
"2945",0,NA,NA,NA,NA,NA
"2946",0,NA,NA,NA,NA,NA
"2949",0,NA,NA,NA,NA,NA
"2950",0,NA,NA,NA,NA,NA
"2973",0,NA,NA,NA,NA,NA
"2980",0,NA,NA,NA,NA,NA
"2985",0,NA,NA,NA,NA,NA
"2986",0,NA,NA,NA,NA,NA
"2991",0,NA,NA,NA,NA,NA
"2992",0,NA,NA,NA,NA,NA
"2993",0,NA,NA,NA,NA,NA
"2994",0,NA,NA,NA,NA,NA
"2995",0,NA,NA,NA,NA,NA
"2996",0,NA,NA,NA,NA,NA
"2997",0,NA,NA,NA,NA,NA
"2998",0,NA,NA,NA,NA,NA
"3001",0,NA,NA,NA,NA,NA
"3009",0,NA,NA,NA,NA,NA
"3013",0,NA,NA,NA,NA,NA
"3014",0,NA,NA,NA,NA,NA
"3015",0,NA,NA,NA,NA,NA
"3018",0,NA,NA,NA,NA,NA
"3030",0,NA,NA,NA,NA,NA
"3031",0,NA,NA,NA,NA,NA
"3032",0,NA,NA,NA,NA,NA
"3037",0,NA,NA,NA,NA,NA
"3039",0,NA,NA,NA,NA,NA
"3040",0,NA,NA,NA,NA,NA
"3041",0,NA,NA,NA,NA,NA
"3042",0,NA,NA,NA,NA,NA
"3043",0,NA,NA,NA,NA,NA
"3052",0,NA,NA,NA,NA,NA
"3054",0,NA,NA,NA,NA,NA
"3055",0,NA,NA,NA,NA,NA
"3056",0,NA,NA,NA,NA,NA
"3098",0,NA,NA,NA,NA,NA
